;;;;;;;;;;;;;;;;;;;
;;;;;;;;;;;;;;;;;;;
---------------------------------------------------------------------------------------------------------------------------------------------------------------------------------------------------------------------------------------------------------------------------------------;;;;;;;;;;;;;;;;;;;
---------------------------------------------------------------------------------------------------------------------------------------------------------------------------------------------------------------------------------------------------------------------------------------;;;;;;;;;;;;;;;;;;;
;;;;;;;;;;;;;;;;;;;
Model started:;20230123_232143;;;;;;;;;;;;;;;;;;
Duration:;5.932 h on 4 cpu cores;;;;;;;;;;;;;;;;;;
Outliers excluded:;['S32', 'S05'];;;;;;;;;;;;;;;;;;
Samples:;['S01', 'S02', 'S03', 'S04', 'S06', 'S07', 'S08', 'S10', 'S11', 'S13', 'S14', 'S15', 'S16', 'S17', 'S19', 'S20', 'S21', 'S22', 'S23', 'S24', 'S25', 'S26', 'S27', 'S29', 'S30', 'S31'];;;;;;;;;;;;;;;;;;
Vertical merge:;True;;;;;;;;;;;;;;;;;;
Scaler:;None;;;;;;;;;;;;;;;;;;
Number of features per candidate (min, max):;(2, 3);;;;;;;;;;;;;;;;;;
Total number of feature combinations tested:;119;;;;;;;;;;;;;;;;;;
Available features:; ['Depth', 'Dist_Land', 'WWTP_influence_as_mean_time_travelled__sed_18µm_allseasons_444', 'WWTP_influence_as_mean_time_travelled__sed_18µm_autumn_222', 'WWTP_influence_as_cumulated_residence__nosed_18µm_autumn_222', 'WWTP_influence_as_mean_time_travelled__nosed_18µm_allseasons_222', 'WWTP_influence_as_cumulated_residence__nosed_0µm_allseasons_222_', 'WWTP_influence_as_mean_time_travelled__nosed_0µm_allseasons_222_', 'D50 (µm)', 'perc MUD', 'PC1', 'PC2'];;;;;;;;;;;;;;;;;;
;;;;;;;;;;;;;;;;;;;
Regressors:;[{'regressor': [TweedieRegressor(max_iter=100000)], 'regressor__power': [2], 'regressor__alpha': [0, 1], 'regressor__link': ['log']}, {'regressor': [RandomForestRegressor(random_state=RandomState(MT19937) at 0x7F1FBC873E40)], 'regressor__n_estimators': [10, 100], 'regressor__max_depth': [None, 2, 4], 'regressor__max_features': [None, 0.3333333333333333]}];;;;;;;;;;;;;;;;;;
Scorer for evaluation (outer fold results are sorted by this!):;MedAPE;;;;;;;;;;;;;;;;;;
Aggregation for evaluation:;median;;;;;;;;;;;;;;;;;;
;;;;;;;;;;;;;;;;;;;
CV schemes:;;;;;;;;;;;;;;;;;;;
    inner:;LeaveOneOut();;;;;;;;;;;;;;;;;;
    outer:;LeaveOneOut();;;;;;;;;;;;;;;;;;
---------------------------------------------------------------------------------------------------------------------------------------------------------------------------------------------------------------------------------------------------------------------------------------;;;;;;;;;;;;;;;;;;;
Median outer CV test set MedAPE:;-0.302727112782244;;;;;;;;;;;;;;;;;;
Mean outer CV test set MedAPE:;-1.18790654738078;;;;;;;;;;;;;;;;;;
---------------------------------------------------------------------------------------------------------------------------------------------------------------------------------------------------------------------------------------------------------------------------------------;;;;;;;;;;;;;;;;;;;
outerCV_fold;test_R2;train_R2;test_MAPE;train_MAPE;test_MedAE;train_MedAE;test_MedAPE;train_MedAPE;features;regressor;feature_combi_ID;allSamples_R2;allSamples_MAPE;allSamples_MedAE;allSamples_MedAPE;allSamples_R2_refit;allSamples_MAPE_refit;allSamples_MedAE_refit;allSamples_MedAPE_refit
0;;0.927656895211494;-0.0194876262146682;-0.983025632979562;-128.676795895454;-938.672123626299;-0.0194876262146682;-0.263852256522154;['Dist_Land', 'WWTP_influence_as_mean_time_travelled__nosed_18µm_allseasons_222', 'perc MUD'];TweedieRegressor(alpha=1, link='log', max_iter=100000, power=2);87;0.928193602828006;0.94596647887322;837.842123068365;0.260792960539866;0.928280407895981;0.946592019814424;838.102286020536;0.261259329392185
3;;0.92732177690393;-0.0307734122513334;-0.981521740973596;-38.1898046039048;-941.784137437998;-0.0307734122513334;-0.263264517329454;['Dist_Land', 'WWTP_influence_as_mean_time_travelled__nosed_18µm_allseasons_222', 'perc MUD'];TweedieRegressor(alpha=1, link='log', max_iter=100000, power=2);87;0.928036387006488;0.944954497561201;839.218534884031;0.261111128201654;0.928280407895981;0.946592019814424;838.102286020536;0.261259329392185
13;;0.928632265311477;-0.0815634895078494;-0.979569482184956;-48.6118397466782;-930.69684244557;-0.0815634895078494;-0.263993184940983;['Dist_Land', 'WWTP_influence_as_mean_time_travelled__nosed_18µm_allseasons_222', 'perc MUD'];TweedieRegressor(alpha=1, link='log', max_iter=100000, power=2);87;0.929687662962175;0.945030790158913;833.782729578558;0.257524897581852;0.928280407895981;0.946592019814424;838.102286020536;0.261259329392185
6;;0.800214919909771;-0.10544786607464;-0.978700912822022;-2909.30662499931;-740.125175462924;-0.10544786607464;-0.261827457299324;['Dist_Land', 'WWTP_influence_as_mean_time_travelled__nosed_18µm_allseasons_222', 'perc MUD'];TweedieRegressor(alpha=1, link='log', max_iter=100000, power=2);87;0.924459888715281;0.945114257177892;783.661553282592;0.256170006401589;0.928280407895981;0.946592019814424;838.102286020536;0.261259329392185
20;;0.926408162213155;-0.149915921164801;-0.985939173289273;-262.952525723061;-943.157208784777;-0.149915921164801;-0.272457192238908;['Dist_Land', 'WWTP_influence_as_mean_time_travelled__nosed_18µm_allseasons_222', 'perc MUD'];TweedieRegressor(alpha=1, link='log', max_iter=100000, power=2);87;0.926814853568941;0.953784432822947;844.452187033465;0.268703802355492;0.928280407895981;0.946592019814424;838.102286020536;0.261259329392185
4;;0.880424774514405;-0.192194754889325;-1.10741348162501;-1974.80110648782;-944.88509806094;-0.192194754889325;-0.285002216951873;['WWTP_influence_as_mean_time_travelled__sed_18µm_autumn_222', 'perc MUD'];TweedieRegressor(alpha=1, link='log', max_iter=100000, power=2);25;0.881429776946355;1.07221276136595;1019.08975617012;0.279713169076855;0.875757093954548;1.06793010870047;975.581717819881;0.280011287019274
24;;0.926237982583171;-0.194224177227392;-0.990614102096971;-116.728730513663;-934.920853198223;-0.194224177227392;-0.267247142312853;['Dist_Land', 'WWTP_influence_as_mean_time_travelled__nosed_18µm_allseasons_222', 'perc MUD'];TweedieRegressor(alpha=1, link='log', max_iter=100000, power=2);87;0.927312586399454;0.959983720371218;842.913108754688;0.266044079953024;0.928280407895981;0.946592019814424;838.102286020536;0.261259329392185
25;;0.923643667477361;-0.208264981162662;-0.991932677591153;-32.07280709905;-880.957949294549;-0.208264981162662;-0.269906219135147;['Dist_Land', 'WWTP_influence_as_mean_time_travelled__nosed_18µm_allseasons_222', 'perc MUD'];TweedieRegressor(alpha=0, link='log', max_iter=100000, power=2);87;0.92507928663315;0.961791612343903;817.137434860796;0.267311451545707;0.928368248523134;0.94623709880226;838.470451229968;0.261534473052897
14;;0.926904994994725;-0.237919092873827;-0.9944424916728;-49.487171317756;-820.956177617281;-0.237919092873827;-0.268640499011503;['Dist_Land', 'WWTP_influence_as_mean_time_travelled__nosed_18µm_allseasons_222', 'perc MUD'];TweedieRegressor(alpha=1, link='log', max_iter=100000, power=2);87;0.928240087471358;0.96534543787284;786.932689181885;0.256719919983093;0.928280407895981;0.946592019814424;838.102286020536;0.261259329392185
12;;0.873380412432935;-0.290902234123147;-1.0829008946022;-1477.20154487734;-908.569243692526;-0.290902234123147;-0.265612322717238;['WWTP_influence_as_mean_time_travelled__sed_18µm_autumn_222', 'perc MUD'];TweedieRegressor(alpha=0, link='log', max_iter=100000, power=2);25;0.870980544214495;1.0524394076607;917.196147074068;0.269986909126418;0.876069818770383;1.0674140778601;977.056359450687;0.280301507476481
18;;0.926688156526965;-0.291242079395179;-0.987989354070989;-516.663448847048;-945.535197461509;-0.291242079395179;-0.264126250550786;['Dist_Land', 'WWTP_influence_as_mean_time_travelled__nosed_18µm_allseasons_222', 'perc MUD'];TweedieRegressor(alpha=1, link='log', max_iter=100000, power=2);87;0.926853510048826;0.961191381968073;849.505349215768;0.272766872192795;0.928280407895981;0.946592019814424;838.102286020536;0.261259329392185
8;;0.931249689641503;-0.292513985185898;-0.96506409194915;-3646.7718533126;-488.107062945355;-0.292513985185898;-0.231842193391329;['Dist_Land', 'WWTP_influence_as_mean_time_travelled__nosed_18µm_allseasons_222', 'perc MUD'];TweedieRegressor(alpha=0, link='log', max_iter=100000, power=2);87;0.921572020630828;0.939196780150564;613.214355373375;0.233834081345437;0.928368248523134;0.94623709880226;838.470451229968;0.261534473052897
5;;0.934177061125918;-0.300458788883779;-0.9744950076083;-2377.83085522623;-734.074464888118;-0.300458788883779;-0.251346174942753;['Dist_Land', 'WWTP_influence_as_mean_time_travelled__nosed_18µm_allseasons_222', 'perc MUD'];TweedieRegressor(alpha=1, link='log', max_iter=100000, power=2);87;0.928739263249947;0.948570537657357;835.382413482378;0.275902481913266;0.928280407895981;0.946592019814424;838.102286020536;0.261259329392185
9;;0.93126271206325;-0.304995436680709;-0.976809988002456;-1438.96847025958;-736.88381313763;-0.304995436680709;-0.250576391088412;['Dist_Land', 'WWTP_influence_as_mean_time_travelled__nosed_18µm_allseasons_222', 'perc MUD'];TweedieRegressor(alpha=1, link='log', max_iter=100000, power=2);87;0.92887555587989;0.950970966797774;835.323064325859;0.271497243989074;0.928280407895981;0.946592019814424;838.102286020536;0.261259329392185
7;;0.926364984591014;-0.462856715272933;-1.06875629085396;-1054.85045410701;-953.726441441161;-0.462856715272933;-0.40983636118935;['Depth', 'WWTP_influence_as_mean_time_travelled__nosed_18µm_allseasons_222', 'PC1'];TweedieRegressor(alpha=0, link='log', max_iter=100000, power=2);61;0.925357446074978;1.04545246102392;1002.37501302603;0.415089012205536;0.929161526217831;1.02001406648774;805.866057922374;0.373561377917113
16;;0.93384156348341;-0.497825777187533;-0.912057566943397;-2968.03728359207;-622.638722820182;-0.497825777187533;-0.219633793901662;['Dist_Land', 'WWTP_influence_as_mean_time_travelled__nosed_18µm_allseasons_222', 'perc MUD'];TweedieRegressor(alpha=1, link='log', max_iter=100000, power=2);87;0.923827101991698;0.896125575029709;656.993449296596;0.230893906330243;0.928280407895981;0.946592019814424;838.102286020536;0.261259329392185
1;;0.923413882285569;-0.595681058676752;-0.897787821286041;-1053.1641117405;-693.481726636373;-0.595681058676752;-0.241159552184513;['Dist_Land', 'WWTP_influence_as_mean_time_travelled__nosed_18µm_allseasons_222', 'perc MUD'];TweedieRegressor(alpha=1, link='log', max_iter=100000, power=2);87;0.922618715977842;0.886168330416453;786.358412987594;0.257384058603879;0.928280407895981;0.946592019814424;838.102286020536;0.261259329392185
15;;0.935200917925853;-0.651845941799031;-0.877886625554058;-1251.54420825414;-383.457299189032;-0.651845941799031;-0.216154058167436;['Dist_Land', 'WWTP_influence_as_mean_time_travelled__nosed_18µm_allseasons_222', 'perc MUD'];TweedieRegressor(alpha=1, link='log', max_iter=100000, power=2);87;0.933740444056619;0.869192753101941;505.315162585039;0.244138759517684;0.928280407895981;0.946592019814424;838.102286020536;0.261259329392185
2;;0.908308338967026;-0.664744643573051;-1.08929401253134;-3822.28170054504;-911.769586012284;-0.664744643573051;-0.26259380031093;['Depth', 'WWTP_influence_as_mean_time_travelled__sed_18µm_autumn_222', 'perc MUD'];TweedieRegressor(alpha=1, link='log', max_iter=100000, power=2);52;0.891539219448046;1.07296519064833;1020.33110690956;0.269757119953934;0.881390348159914;1.0619597080895;919.613131774052;0.27499374233928
23;;0.950934951306174;-0.760074248122029;-0.775648467372894;-3541.94599624866;-766.840171869497;-0.760074248122029;-0.228385995622155;['WWTP_influence_as_mean_time_travelled__nosed_0µm_allseasons_222_', 'perc MUD'];TweedieRegressor(alpha=0, link='log', max_iter=100000, power=2);41;0.93629064892137;0.775049458940168;783.163993127844;0.229959247202071;0.921925640737199;0.880402802687607;850.024600615008;0.306725301679941
11;;0.929074051077359;-0.942870460011875;-0.984553253105778;-403.548556885082;-899.712622087517;-0.942870460011875;-0.26193768272353;['Dist_Land', 'WWTP_influence_as_mean_time_travelled__nosed_18µm_allseasons_222', 'perc MUD'];TweedieRegressor(alpha=0, link='log', max_iter=100000, power=2);87;0.930038917094917;0.982950068756012;831.012539458149;0.265314496521905;0.928368248523134;0.94623709880226;838.470451229968;0.261534473052897
22;;0.898312756633326;-2.08924887527875;-1.04967882233405;-2916.59142988913;-916.531883215762;-2.08924887527875;-0.255250969435862;['Depth', 'WWTP_influence_as_mean_time_travelled__sed_18µm_autumn_222', 'perc MUD'];TweedieRegressor(alpha=1, link='log', max_iter=100000, power=2);52;0.8892659308929;1.08966228590885;997.454718855666;0.27475026619066;0.881390348159914;1.0619597080895;919.613131774052;0.27499374233928
17;;0.891234174009073;-2.91003110881361;-1.01924402472941;-2205.80358048072;-933.668094317568;-2.91003110881361;-0.262735594479187;['Depth', 'WWTP_influence_as_mean_time_travelled__sed_18µm_autumn_222', 'perc MUD'];TweedieRegressor(alpha=0, link='log', max_iter=100000, power=2);52;0.887013523400476;1.0919666048865;1018.11899601981;0.268339735084376;0.882886163112163;1.06533539062064;907.781633368448;0.28770525672906
21;;0.914378040804912;-4.16118371646317;-0.892135381043425;-316.249962451201;-801.762471018692;-4.16118371646317;-0.304579188797287;['Dist_Land', 'WWTP_influence_as_mean_time_travelled__nosed_18µm_allseasons_222', 'perc MUD'];TweedieRegressor(alpha=1, link='log', max_iter=100000, power=2);87;0.915936830639927;1.0178680093288;713.868971265718;0.309262725948499;0.928280407895981;0.946592019814424;838.102286020536;0.261259329392185
19;;0.870834187338318;-5.5151599134124;-0.941429658232358;-998.243944327644;-1090.77919200906;-5.5151599134124;-0.263673621204316;['WWTP_influence_as_mean_time_travelled__sed_18µm_autumn_222', 'perc MUD'];TweedieRegressor(alpha=0, link='log', max_iter=100000, power=2);25;0.872066738880019;1.11734236035467;1044.51156816835;0.311366075366391;0.876069818770383;1.0674140778601;977.056359450687;0.280301507476481
10;;0.890203807021441;-8.93414392765396;-0.809918254695817;-1322.25330129279;-924.109269035781;-8.93414392765396;-0.276612920575598;['Depth', 'WWTP_influence_as_mean_time_travelled__sed_18µm_autumn_222', 'perc MUD'];TweedieRegressor(alpha=1, link='log', max_iter=100000, power=2);52;0.890232603489844;1.12238847288652;1037.83448351007;0.282516849669332;0.881390348159914;1.0619597080895;919.613131774052;0.27499374233928
;;;;;;;;;;;;;;;;;;;
;;;;;;;;;;;;;;;;;;;
---------------------------------------------------------------------------------------------------------------------------------------------------------------------------------------------------------------------------------------------------------------------------------------;;;;;;;;;;;;;;;;;;;
---------------------------------------------------------------------------------------------------------------------------------------------------------------------------------------------------------------------------------------------------------------------------------------;;;;;;;;;;;;;;;;;;;
;;;;;;;;;;;;;;;;;;;
Model started:;20230124_143035;;;;;;;;;;;;;;;;;;
Duration:;7.229 h on 4 cpu cores;;;;;;;;;;;;;;;;;;
Outliers excluded:;['S32', 'S05'];;;;;;;;;;;;;;;;;;
Samples:;['S01', 'S02', 'S03', 'S04', 'S06', 'S07', 'S08', 'S10', 'S11', 'S13', 'S14', 'S15', 'S16', 'S17', 'S19', 'S20', 'S21', 'S22', 'S23', 'S24', 'S25', 'S26', 'S27', 'S29', 'S30', 'S31'];;;;;;;;;;;;;;;;;;
Vertical merge:;True;;;;;;;;;;;;;;;;;;
Scaler:;None;;;;;;;;;;;;;;;;;;
Number of features per candidate (min, max):;(2, 3);;;;;;;;;;;;;;;;;;
Total number of feature combinations tested:;119;;;;;;;;;;;;;;;;;;
Available features:; ['Depth', 'Dist_Land', 'WWTP_influence_as_mean_time_travelled__sed_18µm_allseasons_444', 'WWTP_influence_as_mean_time_travelled__sed_18µm_autumn_222', 'WWTP_influence_as_cumulated_residence__nosed_18µm_autumn_222', 'WWTP_influence_as_mean_time_travelled__nosed_18µm_allseasons_222', 'WWTP_influence_as_cumulated_residence__nosed_0µm_allseasons_222_', 'WWTP_influence_as_mean_time_travelled__nosed_0µm_allseasons_222_', 'D50 (µm)', 'perc MUD', 'PC1', 'PC2'];;;;;;;;;;;;;;;;;;
;;;;;;;;;;;;;;;;;;;
Regressors:;[{'regressor': [TweedieRegressor(max_iter=100000)], 'regressor__power': [2], 'regressor__alpha': [0, 1], 'regressor__link': ['log']}, {'regressor': [RandomForestRegressor(random_state=RandomState(MT19937) at 0x7FE523AB3E40)], 'regressor__n_estimators': [10, 100], 'regressor__max_depth': [None, 2, 4], 'regressor__max_features': [None, 0.3333333333333333]}];;;;;;;;;;;;;;;;;;
Scorer for evaluation (outer fold results are sorted by this!):;MedAPE;;;;;;;;;;;;;;;;;;
Aggregation for evaluation:;median;;;;;;;;;;;;;;;;;;
;;;;;;;;;;;;;;;;;;;
CV schemes:;;;;;;;;;;;;;;;;;;;
    inner:;LeaveOneOut();;;;;;;;;;;;;;;;;;
    outer:;LeaveOneOut();;;;;;;;;;;;;;;;;;
---------------------------------------------------------------------------------------------------------------------------------------------------------------------------------------------------------------------------------------------------------------------------------------;;;;;;;;;;;;;;;;;;;
Median outer CV test set MedAPE:;-0.302727112782244;;;;;;;;;;;;;;;;;;
Mean outer CV test set MedAPE:;-1.18790654738078;;;;;;;;;;;;;;;;;;
---------------------------------------------------------------------------------------------------------------------------------------------------------------------------------------------------------------------------------------------------------------------------------------;;;;;;;;;;;;;;;;;;;
outerCV_fold;test_R2;train_R2;test_MAPE;train_MAPE;test_MedAE;train_MedAE;test_MedAPE;train_MedAPE;features;regressor;feature_combi_ID;allSamples_R2;allSamples_MAPE;allSamples_MedAE;allSamples_MedAPE;allSamples_R2_refit;allSamples_MAPE_refit;allSamples_MedAE_refit;allSamples_MedAPE_refit
0;;0.927656895211494;-0.0194876262146682;-0.983025632979562;-128.676795895454;-938.672123626299;-0.0194876262146682;-0.263852256522154;['Dist_Land', 'WWTP_influence_as_mean_time_travelled__nosed_18µm_allseasons_222', 'perc MUD'];TweedieRegressor(alpha=1, link='log', max_iter=100000, power=2);87;0.928193602828006;0.94596647887322;837.842123068365;0.260792960539866;0.928280407895981;0.946592019814424;838.102286020536;0.261259329392185
3;;0.92732177690393;-0.0307734122513334;-0.981521740973596;-38.1898046039048;-941.784137437998;-0.0307734122513334;-0.263264517329454;['Dist_Land', 'WWTP_influence_as_mean_time_travelled__nosed_18µm_allseasons_222', 'perc MUD'];TweedieRegressor(alpha=1, link='log', max_iter=100000, power=2);87;0.928036387006488;0.944954497561201;839.218534884031;0.261111128201654;0.928280407895981;0.946592019814424;838.102286020536;0.261259329392185
13;;0.928632265311477;-0.0815634895078494;-0.979569482184956;-48.6118397466782;-930.69684244557;-0.0815634895078494;-0.263993184940983;['Dist_Land', 'WWTP_influence_as_mean_time_travelled__nosed_18µm_allseasons_222', 'perc MUD'];TweedieRegressor(alpha=1, link='log', max_iter=100000, power=2);87;0.929687662962175;0.945030790158913;833.782729578558;0.257524897581852;0.928280407895981;0.946592019814424;838.102286020536;0.261259329392185
6;;0.800214919909771;-0.10544786607464;-0.978700912822022;-2909.30662499931;-740.125175462924;-0.10544786607464;-0.261827457299324;['Dist_Land', 'WWTP_influence_as_mean_time_travelled__nosed_18µm_allseasons_222', 'perc MUD'];TweedieRegressor(alpha=1, link='log', max_iter=100000, power=2);87;0.924459888715281;0.945114257177892;783.661553282592;0.256170006401589;0.928280407895981;0.946592019814424;838.102286020536;0.261259329392185
20;;0.926408162213155;-0.149915921164801;-0.985939173289273;-262.952525723061;-943.157208784777;-0.149915921164801;-0.272457192238908;['Dist_Land', 'WWTP_influence_as_mean_time_travelled__nosed_18µm_allseasons_222', 'perc MUD'];TweedieRegressor(alpha=1, link='log', max_iter=100000, power=2);87;0.926814853568941;0.953784432822947;844.452187033465;0.268703802355492;0.928280407895981;0.946592019814424;838.102286020536;0.261259329392185
4;;0.880424774514405;-0.192194754889325;-1.10741348162501;-1974.80110648782;-944.88509806094;-0.192194754889325;-0.285002216951873;['WWTP_influence_as_mean_time_travelled__sed_18µm_autumn_222', 'perc MUD'];TweedieRegressor(alpha=1, link='log', max_iter=100000, power=2);25;0.881429776946355;1.07221276136595;1019.08975617012;0.279713169076855;0.875757093954548;1.06793010870047;975.581717819881;0.280011287019274
24;;0.926237982583171;-0.194224177227392;-0.990614102096971;-116.728730513663;-934.920853198223;-0.194224177227392;-0.267247142312853;['Dist_Land', 'WWTP_influence_as_mean_time_travelled__nosed_18µm_allseasons_222', 'perc MUD'];TweedieRegressor(alpha=1, link='log', max_iter=100000, power=2);87;0.927312586399454;0.959983720371218;842.913108754688;0.266044079953024;0.928280407895981;0.946592019814424;838.102286020536;0.261259329392185
25;;0.923643667477361;-0.208264981162662;-0.991932677591153;-32.07280709905;-880.957949294549;-0.208264981162662;-0.269906219135147;['Dist_Land', 'WWTP_influence_as_mean_time_travelled__nosed_18µm_allseasons_222', 'perc MUD'];TweedieRegressor(alpha=0, link='log', max_iter=100000, power=2);87;0.92507928663315;0.961791612343903;817.137434860796;0.267311451545707;0.928368248523134;0.94623709880226;838.470451229968;0.261534473052897
14;;0.926904994994725;-0.237919092873827;-0.9944424916728;-49.487171317756;-820.956177617281;-0.237919092873827;-0.268640499011503;['Dist_Land', 'WWTP_influence_as_mean_time_travelled__nosed_18µm_allseasons_222', 'perc MUD'];TweedieRegressor(alpha=1, link='log', max_iter=100000, power=2);87;0.928240087471358;0.96534543787284;786.932689181885;0.256719919983093;0.928280407895981;0.946592019814424;838.102286020536;0.261259329392185
12;;0.873380412432935;-0.290902234123147;-1.0829008946022;-1477.20154487734;-908.569243692526;-0.290902234123147;-0.265612322717238;['WWTP_influence_as_mean_time_travelled__sed_18µm_autumn_222', 'perc MUD'];TweedieRegressor(alpha=0, link='log', max_iter=100000, power=2);25;0.870980544214495;1.0524394076607;917.196147074068;0.269986909126418;0.876069818770383;1.0674140778601;977.056359450687;0.280301507476481
18;;0.926688156526965;-0.291242079395179;-0.987989354070989;-516.663448847048;-945.535197461509;-0.291242079395179;-0.264126250550786;['Dist_Land', 'WWTP_influence_as_mean_time_travelled__nosed_18µm_allseasons_222', 'perc MUD'];TweedieRegressor(alpha=1, link='log', max_iter=100000, power=2);87;0.926853510048826;0.961191381968073;849.505349215768;0.272766872192795;0.928280407895981;0.946592019814424;838.102286020536;0.261259329392185
8;;0.931249689641503;-0.292513985185898;-0.96506409194915;-3646.7718533126;-488.107062945355;-0.292513985185898;-0.231842193391329;['Dist_Land', 'WWTP_influence_as_mean_time_travelled__nosed_18µm_allseasons_222', 'perc MUD'];TweedieRegressor(alpha=0, link='log', max_iter=100000, power=2);87;0.921572020630828;0.939196780150564;613.214355373375;0.233834081345437;0.928368248523134;0.94623709880226;838.470451229968;0.261534473052897
5;;0.934177061125918;-0.300458788883779;-0.9744950076083;-2377.83085522623;-734.074464888118;-0.300458788883779;-0.251346174942753;['Dist_Land', 'WWTP_influence_as_mean_time_travelled__nosed_18µm_allseasons_222', 'perc MUD'];TweedieRegressor(alpha=1, link='log', max_iter=100000, power=2);87;0.928739263249947;0.948570537657357;835.382413482378;0.275902481913266;0.928280407895981;0.946592019814424;838.102286020536;0.261259329392185
9;;0.93126271206325;-0.304995436680709;-0.976809988002456;-1438.96847025958;-736.88381313763;-0.304995436680709;-0.250576391088412;['Dist_Land', 'WWTP_influence_as_mean_time_travelled__nosed_18µm_allseasons_222', 'perc MUD'];TweedieRegressor(alpha=1, link='log', max_iter=100000, power=2);87;0.92887555587989;0.950970966797774;835.323064325859;0.271497243989074;0.928280407895981;0.946592019814424;838.102286020536;0.261259329392185
7;;0.926364984591014;-0.462856715272933;-1.06875629085396;-1054.85045410701;-953.726441441161;-0.462856715272933;-0.40983636118935;['Depth', 'WWTP_influence_as_mean_time_travelled__nosed_18µm_allseasons_222', 'PC1'];TweedieRegressor(alpha=0, link='log', max_iter=100000, power=2);61;0.925357446074978;1.04545246102392;1002.37501302603;0.415089012205536;0.929161526217831;1.02001406648774;805.866057922374;0.373561377917113
16;;0.93384156348341;-0.497825777187533;-0.912057566943397;-2968.03728359207;-622.638722820182;-0.497825777187533;-0.219633793901662;['Dist_Land', 'WWTP_influence_as_mean_time_travelled__nosed_18µm_allseasons_222', 'perc MUD'];TweedieRegressor(alpha=1, link='log', max_iter=100000, power=2);87;0.923827101991698;0.896125575029709;656.993449296596;0.230893906330243;0.928280407895981;0.946592019814424;838.102286020536;0.261259329392185
1;;0.923413882285569;-0.595681058676752;-0.897787821286041;-1053.1641117405;-693.481726636373;-0.595681058676752;-0.241159552184513;['Dist_Land', 'WWTP_influence_as_mean_time_travelled__nosed_18µm_allseasons_222', 'perc MUD'];TweedieRegressor(alpha=1, link='log', max_iter=100000, power=2);87;0.922618715977842;0.886168330416453;786.358412987594;0.257384058603879;0.928280407895981;0.946592019814424;838.102286020536;0.261259329392185
15;;0.935200917925853;-0.651845941799031;-0.877886625554058;-1251.54420825414;-383.457299189032;-0.651845941799031;-0.216154058167436;['Dist_Land', 'WWTP_influence_as_mean_time_travelled__nosed_18µm_allseasons_222', 'perc MUD'];TweedieRegressor(alpha=1, link='log', max_iter=100000, power=2);87;0.933740444056619;0.869192753101941;505.315162585039;0.244138759517684;0.928280407895981;0.946592019814424;838.102286020536;0.261259329392185
2;;0.908308338967026;-0.664744643573051;-1.08929401253134;-3822.28170054504;-911.769586012284;-0.664744643573051;-0.26259380031093;['Depth', 'WWTP_influence_as_mean_time_travelled__sed_18µm_autumn_222', 'perc MUD'];TweedieRegressor(alpha=1, link='log', max_iter=100000, power=2);52;0.891539219448046;1.07296519064833;1020.33110690956;0.269757119953934;0.881390348159914;1.0619597080895;919.613131774052;0.27499374233928
23;;0.950934951306174;-0.760074248122029;-0.775648467372894;-3541.94599624866;-766.840171869497;-0.760074248122029;-0.228385995622155;['WWTP_influence_as_mean_time_travelled__nosed_0µm_allseasons_222_', 'perc MUD'];TweedieRegressor(alpha=0, link='log', max_iter=100000, power=2);41;0.93629064892137;0.775049458940168;783.163993127844;0.229959247202071;0.921925640737199;0.880402802687607;850.024600615008;0.306725301679941
11;;0.929074051077359;-0.942870460011875;-0.984553253105778;-403.548556885082;-899.712622087517;-0.942870460011875;-0.26193768272353;['Dist_Land', 'WWTP_influence_as_mean_time_travelled__nosed_18µm_allseasons_222', 'perc MUD'];TweedieRegressor(alpha=0, link='log', max_iter=100000, power=2);87;0.930038917094917;0.982950068756012;831.012539458149;0.265314496521905;0.928368248523134;0.94623709880226;838.470451229968;0.261534473052897
22;;0.898312756633326;-2.08924887527875;-1.04967882233405;-2916.59142988913;-916.531883215762;-2.08924887527875;-0.255250969435862;['Depth', 'WWTP_influence_as_mean_time_travelled__sed_18µm_autumn_222', 'perc MUD'];TweedieRegressor(alpha=1, link='log', max_iter=100000, power=2);52;0.8892659308929;1.08966228590885;997.454718855666;0.27475026619066;0.881390348159914;1.0619597080895;919.613131774052;0.27499374233928
17;;0.891234174009073;-2.91003110881361;-1.01924402472941;-2205.80358048072;-933.668094317568;-2.91003110881361;-0.262735594479187;['Depth', 'WWTP_influence_as_mean_time_travelled__sed_18µm_autumn_222', 'perc MUD'];TweedieRegressor(alpha=0, link='log', max_iter=100000, power=2);52;0.887013523400476;1.0919666048865;1018.11899601981;0.268339735084376;0.882886163112163;1.06533539062064;907.781633368448;0.28770525672906
21;;0.914378040804912;-4.16118371646317;-0.892135381043425;-316.249962451201;-801.762471018692;-4.16118371646317;-0.304579188797287;['Dist_Land', 'WWTP_influence_as_mean_time_travelled__nosed_18µm_allseasons_222', 'perc MUD'];TweedieRegressor(alpha=1, link='log', max_iter=100000, power=2);87;0.915936830639927;1.0178680093288;713.868971265718;0.309262725948499;0.928280407895981;0.946592019814424;838.102286020536;0.261259329392185
19;;0.870834187338318;-5.5151599134124;-0.941429658232358;-998.243944327644;-1090.77919200906;-5.5151599134124;-0.263673621204316;['WWTP_influence_as_mean_time_travelled__sed_18µm_autumn_222', 'perc MUD'];TweedieRegressor(alpha=0, link='log', max_iter=100000, power=2);25;0.872066738880019;1.11734236035467;1044.51156816835;0.311366075366391;0.876069818770383;1.0674140778601;977.056359450687;0.280301507476481
10;;0.890203807021441;-8.93414392765396;-0.809918254695817;-1322.25330129279;-924.109269035781;-8.93414392765396;-0.276612920575598;['Depth', 'WWTP_influence_as_mean_time_travelled__sed_18µm_autumn_222', 'perc MUD'];TweedieRegressor(alpha=1, link='log', max_iter=100000, power=2);52;0.890232603489844;1.12238847288652;1037.83448351007;0.282516849669332;0.881390348159914;1.0619597080895;919.613131774052;0.27499374233928
;;;;;;;;;;;;;;;;;;;
;;;;;;;;;;;;;;;;;;;
---------------------------------------------------------------------------------------------------------------------------------------------------------------------------------------------------------------------------------------------------------------------------------------;;;;;;;;;;;;;;;;;;;
---------------------------------------------------------------------------------------------------------------------------------------------------------------------------------------------------------------------------------------------------------------------------------------;;;;;;;;;;;;;;;;;;;
;;;;;;;;;;;;;;;;;;;
Model started:;20230125_011153;;;;;;;;;;;;;;;;;;
Duration:;5.747 h on 4 cpu cores;;;;;;;;;;;;;;;;;;
Outliers excluded:;['S32', 'S05'];;;;;;;;;;;;;;;;;;
Samples:;['S01', 'S02', 'S03', 'S04', 'S06', 'S07', 'S08', 'S10', 'S11', 'S13', 'S14', 'S15', 'S16', 'S17', 'S19', 'S20', 'S21', 'S22', 'S23', 'S24', 'S25', 'S26', 'S27', 'S29', 'S30', 'S31'];;;;;;;;;;;;;;;;;;
Vertical merge:;True;;;;;;;;;;;;;;;;;;
Scaler:;None;;;;;;;;;;;;;;;;;;
Number of features per candidate (min, max):;(2, 3);;;;;;;;;;;;;;;;;;
Total number of feature combinations tested:;119;;;;;;;;;;;;;;;;;;
Available features:; ['Depth', 'Dist_Land', 'WWTP_influence_as_mean_time_travelled__sed_18µm_allseasons_444', 'WWTP_influence_as_mean_time_travelled__sed_18µm_autumn_222', 'WWTP_influence_as_cumulated_residence__nosed_18µm_autumn_222', 'WWTP_influence_as_mean_time_travelled__nosed_18µm_allseasons_222', 'WWTP_influence_as_cumulated_residence__nosed_0µm_allseasons_222_', 'WWTP_influence_as_mean_time_travelled__nosed_0µm_allseasons_222_', 'D50 (µm)', 'perc MUD', 'PC1', 'PC2'];;;;;;;;;;;;;;;;;;
;;;;;;;;;;;;;;;;;;;
Regressors:;[{'regressor': [TweedieRegressor(max_iter=100000)], 'regressor__power': [2], 'regressor__alpha': [0], 'regressor__link': ['log']}, {'regressor': [RandomForestRegressor(random_state=RandomState(MT19937) at 0x7F8B3F273E40)], 'regressor__n_estimators': [10, 100], 'regressor__max_depth': [None, 2, 4], 'regressor__max_features': [None, 0.3333333333333333]}];;;;;;;;;;;;;;;;;;
Scorer for evaluation (outer fold results are sorted by this!):;MedAPE;;;;;;;;;;;;;;;;;;
Aggregation for evaluation:;median;;;;;;;;;;;;;;;;;;
;;;;;;;;;;;;;;;;;;;
CV schemes:;;;;;;;;;;;;;;;;;;;
    inner:;LeaveOneOut();;;;;;;;;;;;;;;;;;
    outer:;LeaveOneOut();;;;;;;;;;;;;;;;;;
---------------------------------------------------------------------------------------------------------------------------------------------------------------------------------------------------------------------------------------------------------------------------------------;;;;;;;;;;;;;;;;;;;
Median outer CV test set MedAPE:;-0.303937042098224;;;;;;;;;;;;;;;;;;
Mean outer CV test set MedAPE:;-1.17145919871858;;;;;;;;;;;;;;;;;;
---------------------------------------------------------------------------------------------------------------------------------------------------------------------------------------------------------------------------------------------------------------------------------------;;;;;;;;;;;;;;;;;;;
outerCV_fold;test_R2;train_R2;test_MAPE;train_MAPE;test_MedAE;train_MedAE;test_MedAPE;train_MedAPE;features;regressor;feature_combi_ID;allSamples_R2;allSamples_MAPE;allSamples_MedAE;allSamples_MedAPE;allSamples_R2_refit;allSamples_MAPE_refit;allSamples_MedAE_refit;allSamples_MedAPE_refit
0;;0.927750918818474;-0.0183149690074698;-0.982755921184847;-120.933740356323;-939.687485002491;-0.0183149690074698;-0.263029669104493;['Dist_Land', 'WWTP_influence_as_mean_time_travelled__nosed_18µm_allseasons_222', 'perc MUD'];TweedieRegressor(alpha=0, link='log', max_iter=100000, power=2);87;0.928289162838872;0.945662038408795;838.212825681758;0.261085571449707;0.928368248523134;0.94623709880226;838.470451229968;0.261534473052897
3;;0.92740263842241;-0.0319487277273409;-0.981058236106956;-39.64837110963;-942.900087299987;-0.0319487277273409;-0.262537602040082;['Dist_Land', 'WWTP_influence_as_mean_time_travelled__nosed_18µm_allseasons_222', 'perc MUD'];TweedieRegressor(alpha=0, link='log', max_iter=100000, power=2);87;0.928116318852626;0.944554024246202;839.614147442943;0.261369291861874;0.928368248523134;0.94623709880226;838.470451229968;0.261534473052897
13;;0.928737783321015;-0.0837509585592065;-0.979086563741085;-49.9155713012871;-941.175113673316;-0.0837509585592065;-0.263278525509751;['Dist_Land', 'WWTP_influence_as_mean_time_travelled__nosed_18µm_allseasons_222', 'perc MUD'];TweedieRegressor(alpha=0, link='log', max_iter=100000, power=2);87;0.929791466326536;0.944650578926398;838.868023164044;0.257679633575933;0.928368248523134;0.94623709880226;838.470451229968;0.261534473052897
6;;0.79995159440918;-0.103630801794094;-0.978441775534203;-2859.17382149905;-739.774066843031;-0.103630801794094;-0.262894210057507;['Dist_Land', 'WWTP_influence_as_mean_time_travelled__nosed_18µm_allseasons_222', 'perc MUD'];TweedieRegressor(alpha=0, link='log', max_iter=100000, power=2);87;0.924711385930231;0.944795199621122;791.346638325072;0.257222554130502;0.928368248523134;0.94623709880226;838.470451229968;0.261534473052897
20;;0.926492019941291;-0.151057092389509;-0.985598098997033;-264.954140051199;-944.189535983814;-0.151057092389509;-0.27378336685047;['Dist_Land', 'WWTP_influence_as_mean_time_travelled__nosed_18µm_allseasons_222', 'perc MUD'];TweedieRegressor(alpha=0, link='log', max_iter=100000, power=2);87;0.926896920685861;0.953500367973667;844.847880062812;0.27003259351844;0.928368248523134;0.94623709880226;838.470451229968;0.261534473052897
4;;0.880799819181958;-0.19361558725823;-1.10687557456126;-1989.40015907832;-944.650899553338;-0.19361558725823;-0.284635216275972;['WWTP_influence_as_mean_time_travelled__sed_18µm_autumn_222', 'perc MUD'];TweedieRegressor(alpha=0, link='log', max_iter=100000, power=2);25;0.881719726168626;1.07175019043422;1020.84665181422;0.280201540563125;0.876069818770383;1.0674140778601;977.056359450687;0.280301507476481
24;;0.926345214007739;-0.193750659303275;-0.990239696492609;-116.444146241268;-935.94610807203;-0.193750659303275;-0.268346717214195;['Dist_Land', 'WWTP_influence_as_mean_time_travelled__nosed_18µm_allseasons_222', 'perc MUD'];TweedieRegressor(alpha=0, link='log', max_iter=100000, power=2);87;0.927418310029707;0.959605502754558;843.260432674492;0.266217373289112;0.928368248523134;0.94623709880226;838.470451229968;0.261534473052897
25;;0.923643667477361;-0.208264981162662;-0.991932677591153;-32.07280709905;-880.957949294549;-0.208264981162662;-0.269906219135147;['Dist_Land', 'WWTP_influence_as_mean_time_travelled__nosed_18µm_allseasons_222', 'perc MUD'];TweedieRegressor(alpha=0, link='log', max_iter=100000, power=2);87;0.92507928663315;0.961791612343903;817.137434860796;0.267311451545707;0.928368248523134;0.94623709880226;838.470451229968;0.261534473052897
14;;0.927019330777612;-0.234948558503657;-0.993963769116964;-48.8693001687607;-835.143677786498;-0.234948558503657;-0.269113106368016;['Dist_Land', 'WWTP_influence_as_mean_time_travelled__nosed_18µm_allseasons_222', 'perc MUD'];TweedieRegressor(alpha=0, link='log', max_iter=100000, power=2);87;0.928352401447996;0.964770876401068;793.79013295788;0.257517265409929;0.928368248523134;0.94623709880226;838.470451229968;0.261534473052897
12;;0.873380412432935;-0.290902234123147;-1.0829008946022;-1477.20154487734;-908.569243692526;-0.290902234123147;-0.265612322717238;['WWTP_influence_as_mean_time_travelled__sed_18µm_autumn_222', 'perc MUD'];TweedieRegressor(alpha=0, link='log', max_iter=100000, power=2);25;0.870980544214495;1.0524394076607;917.196147074068;0.269986909126418;0.876069818770383;1.0674140778601;977.056359450687;0.280301507476481
8;;0.931249689641503;-0.292513985185898;-0.96506409194915;-3646.7718533126;-488.107062945355;-0.292513985185898;-0.231842193391329;['Dist_Land', 'WWTP_influence_as_mean_time_travelled__nosed_18µm_allseasons_222', 'perc MUD'];TweedieRegressor(alpha=0, link='log', max_iter=100000, power=2);87;0.921572020630828;0.939196780150564;613.214355373375;0.233834081345437;0.928368248523134;0.94623709880226;838.470451229968;0.261534473052897
18;;0.926770094577147;-0.292590726598433;-0.987648128889267;-519.05594898562;-946.563086770189;-0.292590726598433;-0.265448486597454;['Dist_Land', 'WWTP_influence_as_mean_time_travelled__nosed_18µm_allseasons_222', 'perc MUD'];TweedieRegressor(alpha=0, link='log', max_iter=100000, power=2);87;0.926932018173608;0.960915151878081;849.900431701895;0.273840602299714;0.928368248523134;0.94623709880226;838.470451229968;0.261534473052897
5;;0.934223981133647;-0.301983547668304;-0.974200146524457;-2389.89779624696;-733.76543109985;-0.301983547668304;-0.252506293377663;['Dist_Land', 'WWTP_influence_as_mean_time_travelled__nosed_18µm_allseasons_222', 'perc MUD'];TweedieRegressor(alpha=0, link='log', max_iter=100000, power=2);87;0.928718101816892;0.948345661953067;835.731079258201;0.277244920522984;0.928368248523134;0.94623709880226;838.470451229968;0.261534473052897
9;;0.931278782273737;-0.305890536528143;-0.976437783782612;-1443.19155133978;-736.58390614798;-0.305890536528143;-0.251721718605854;['Dist_Land', 'WWTP_influence_as_mean_time_travelled__nosed_18µm_allseasons_222', 'perc MUD'];TweedieRegressor(alpha=0, link='log', max_iter=100000, power=2);87;0.92887739146243;0.950647505042055;835.677229823922;0.272779521275789;0.928368248523134;0.94623709880226;838.470451229968;0.261534473052897
7;;0.926364984591014;-0.462856715272933;-1.06875629085396;-1054.85045410701;-953.726441441161;-0.462856715272933;-0.40983636118935;['Depth', 'WWTP_influence_as_mean_time_travelled__nosed_18µm_allseasons_222', 'PC1'];TweedieRegressor(alpha=0, link='log', max_iter=100000, power=2);61;0.925357446074978;1.04545246102392;1002.37501302603;0.415089012205536;0.929161526217831;1.02001406648774;805.866057922374;0.373561377917113
16;;0.934047399302382;-0.497400617145727;-0.911783076564033;-2965.50247942282;-634.652026050531;-0.497400617145727;-0.220843346069197;['Dist_Land', 'WWTP_influence_as_mean_time_travelled__nosed_18µm_allseasons_222', 'perc MUD'];TweedieRegressor(alpha=0, link='log', max_iter=100000, power=2);87;0.924049639545809;0.895845289663329;662.889947116795;0.231877170531676;0.928368248523134;0.94623709880226;838.470451229968;0.261534473052897
1;;0.923566328126048;-0.596276261711383;-0.897689632813516;-1054.21643070573;-693.161010090387;-0.596276261711383;-0.242438857664672;['Dist_Land', 'WWTP_influence_as_mean_time_travelled__nosed_18µm_allseasons_222', 'perc MUD'];TweedieRegressor(alpha=0, link='log', max_iter=100000, power=2);87;0.922767571908068;0.886096810848049;785.670974872955;0.257647596438601;0.928368248523134;0.94623709880226;838.470451229968;0.261534473052897
15;;0.935164584924159;-0.652194372773138;-0.877581179310675;-1252.21319572443;-385.357469611488;-0.652194372773138;-0.217225180164311;['Dist_Land', 'WWTP_influence_as_mean_time_travelled__nosed_18µm_allseasons_222', 'perc MUD'];TweedieRegressor(alpha=0, link='log', max_iter=100000, power=2);87;0.93370236091129;0.868912455982308;512.388756240315;0.24524777610209;0.928368248523134;0.94623709880226;838.470451229968;0.261534473052897
2;;0.90913525130713;-0.653825059321444;-1.08984902329592;-3759.4940910983;-902.30359410522;-0.653825059321444;-0.263994337257292;['Depth', 'WWTP_influence_as_mean_time_travelled__sed_18µm_autumn_222', 'perc MUD'];TweedieRegressor(alpha=0, link='log', max_iter=100000, power=2);52;0.892919782291894;1.07307887083537;1008.85640494688;0.267715337235441;0.882886163112163;1.06533539062064;907.781633368448;0.28770525672906
23;;0.950934951306174;-0.760074248122029;-0.775648467372894;-3541.94599624866;-766.840171869497;-0.760074248122029;-0.228385995622155;['WWTP_influence_as_mean_time_travelled__nosed_0µm_allseasons_222_', 'perc MUD'];TweedieRegressor(alpha=0, link='log', max_iter=100000, power=2);41;0.93629064892137;0.775049458940168;783.163993127844;0.229959247202071;0.921925640737199;0.880402802687607;850.024600615008;0.306725301679941
11;;0.929074051077359;-0.942870460011875;-0.984553253105778;-403.548556885082;-899.712622087517;-0.942870460011875;-0.26193768272353;['Dist_Land', 'WWTP_influence_as_mean_time_travelled__nosed_18µm_allseasons_222', 'perc MUD'];TweedieRegressor(alpha=0, link='log', max_iter=100000, power=2);87;0.930038917094917;0.982950068756012;831.012539458149;0.265314496521905;0.928368248523134;0.94623709880226;838.470451229968;0.261534473052897
22;;0.887769393298951;-1.85171491350193;-1.0617009043587;-2584.9940192487;-976.754589711039;-1.85171491350193;-0.293084183697551;['WWTP_influence_as_mean_time_travelled__sed_18µm_autumn_222', 'perc MUD'];TweedieRegressor(alpha=0, link='log', max_iter=100000, power=2);25;0.880947841133004;1.09208605855652;1073.06958783629;0.313686161998385;0.876069818770383;1.0674140778601;977.056359450687;0.280301507476481
17;;0.891234174009073;-2.91003110881361;-1.01924402472941;-2205.80358048072;-933.668094317568;-2.91003110881361;-0.262735594479187;['Depth', 'WWTP_influence_as_mean_time_travelled__sed_18µm_autumn_222', 'perc MUD'];TweedieRegressor(alpha=0, link='log', max_iter=100000, power=2);52;0.887013523400476;1.0919666048865;1018.11899601981;0.268339735084376;0.882886163112163;1.06533539062064;907.781633368448;0.28770525672906
21;;0.914628717719369;-4.15476677546583;-0.891710435356831;-315.762274935403;-801.399303572213;-4.15476677546583;-0.305709748838088;['Dist_Land', 'WWTP_influence_as_mean_time_travelled__nosed_18µm_allseasons_222', 'perc MUD'];TweedieRegressor(alpha=0, link='log', max_iter=100000, power=2);87;0.916182961872011;1.0172126022841;719.601002672144;0.308517175555394;0.928368248523134;0.94623709880226;838.470451229968;0.261534473052897
19;;0.870834187338318;-5.5151599134124;-0.941429658232358;-998.243944327644;-1090.77919200906;-5.5151599134124;-0.263673621204316;['WWTP_influence_as_mean_time_travelled__sed_18µm_autumn_222', 'perc MUD'];TweedieRegressor(alpha=0, link='log', max_iter=100000, power=2);25;0.872066738880019;1.11734236035467;1044.51156816835;0.311366075366391;0.876069818770383;1.0674140778601;977.056359450687;0.280301507476481
10;;0.883279873373665;-8.75760535532128;-0.820828070951678;-1296.12559258755;-975.918342190145;-8.75760535532128;-0.268533552078612;['WWTP_influence_as_mean_time_travelled__sed_18µm_autumn_222', 'perc MUD'];TweedieRegressor(alpha=0, link='log', max_iter=100000, power=2);25;0.883519321699656;1.12608873573512;1081.28043480739;0.281440276633196;0.876069818770383;1.0674140778601;977.056359450687;0.280301507476481
;;;;;;;;;;;;;;;;;;;
;;;;;;;;;;;;;;;;;;;
---------------------------------------------------------------------------------------------------------------------------------------------------------------------------------------------------------------------------------------------------------------------------------------;;;;;;;;;;;;;;;;;;;
---------------------------------------------------------------------------------------------------------------------------------------------------------------------------------------------------------------------------------------------------------------------------------------;;;;;;;;;;;;;;;;;;;
;;;;;;;;;;;;;;;;;;;
Model started:;20230123_232027;;;;;;;;;;;;;;;;;;
Duration:;9.328 h on 120 cpu cores;;;;;;;;;;;;;;;;;;
Outliers excluded:;['S32', 'S05'];;;;;;;;;;;;;;;;;;
Samples:;['S01', 'S02', 'S03', 'S04', 'S06', 'S07', 'S08', 'S10', 'S11', 'S13', 'S14', 'S15', 'S16', 'S17', 'S19', 'S20', 'S21', 'S22', 'S23', 'S24', 'S25', 'S26', 'S27', 'S29', 'S30', 'S31'];;;;;;;;;;;;;;;;;;
Vertical merge:;True;;;;;;;;;;;;;;;;;;
Scaler:;None;;;;;;;;;;;;;;;;;;
Number of features per candidate (min, max):;(2, 3);;;;;;;;;;;;;;;;;;
Total number of feature combinations tested:;119;;;;;;;;;;;;;;;;;;
Available features:; ['Depth', 'Dist_Land', 'WWTP_influence_as_mean_time_travelled__sed_18µm_allseasons_444', 'WWTP_influence_as_mean_time_travelled__sed_18µm_autumn_222', 'WWTP_influence_as_cumulated_residence__nosed_18µm_autumn_222', 'WWTP_influence_as_mean_time_travelled__nosed_18µm_allseasons_222', 'WWTP_influence_as_cumulated_residence__nosed_0µm_allseasons_222_', 'WWTP_influence_as_mean_time_travelled__nosed_0µm_allseasons_222_', 'D50 (µm)', 'perc MUD', 'PC1', 'PC2'];;;;;;;;;;;;;;;;;;
;;;;;;;;;;;;;;;;;;;
Regressors:;[{'regressor': [TweedieRegressor(max_iter=100000)], 'regressor__power': [2], 'regressor__alpha': [0, 1], 'regressor__link': ['log']}, {'regressor': [RandomForestRegressor(random_state=RandomState(MT19937) at 0x7F2D47F18840)], 'regressor__n_estimators': [10, 100], 'regressor__max_depth': [None, 2, 4], 'regressor__max_features': [None, 0.3333333333333333]}];;;;;;;;;;;;;;;;;;
Scorer for evaluation (outer fold results are sorted by this!):;R2;;;;;;;;;;;;;;;;;;
Aggregation for evaluation:;median;;;;;;;;;;;;;;;;;;
;;;;;;;;;;;;;;;;;;;
CV schemes:;;;;;;;;;;;;;;;;;;;
    inner:;LeavePOut(p=3);;;;;;;;;;;;;;;;;;
    outer:;10;;;;;;;;;;;;;;;;;;
---------------------------------------------------------------------------------------------------------------------------------------------------------------------------------------------------------------------------------------------------------------------------------------;;;;;;;;;;;;;;;;;;;
Median outer CV test set R2:;0.348637925789963;;;;;;;;;;;;;;;;;;
Mean outer CV test set R2:;-0.0367907120893669;;;;;;;;;;;;;;;;;;
---------------------------------------------------------------------------------------------------------------------------------------------------------------------------------------------------------------------------------------------------------------------------------------;;;;;;;;;;;;;;;;;;;
outerCV_fold;test_R2;train_R2;test_MAPE;train_MAPE;test_MedAE;train_MedAE;test_MedAPE;train_MedAPE;features;regressor;feature_combi_ID;allSamples_R2;allSamples_MAPE;allSamples_MedAE;allSamples_MedAPE;allSamples_R2_refit;allSamples_MAPE_refit;allSamples_MedAE_refit;allSamples_MedAPE_refit
4;0.983388756961788;0.928697064995389;-0.287495112034472;-0.964103935856005;-175.822492293496;-883.836679560989;-0.295004181700497;-0.315301141847149;['Depth', 'WWTP_influence_as_mean_time_travelled__nosed_0µm_allseasons_222_', 'perc MUD'];TweedieRegressor(alpha=0, link='log', max_iter=100000, power=2);68;0.930913334903851;0.886033686953521;736.85710598291;0.305152661773823;0.931938824116344;0.890883208074114;739.35628044867;0.306725677833879
7;0.606156767522176;0.913517540914634;-1.90669451970369;-0.900111914727683;-478.747286801061;-838.699155078546;-1.90669451970369;-0.325094253157772;['Depth', 'WWTP_influence_as_mean_time_travelled__nosed_0µm_allseasons_222_', 'perc MUD'];TweedieRegressor(alpha=0, link='log', max_iter=100000, power=2);68;0.915217416506254;0.977541345879684;758.805935902753;0.378320255231095;0.931938824116344;0.890883208074114;739.35628044867;0.306725677833879
2;0.558463280576554;0.830856466454297;-0.683254663410093;-1.55262572321211;-4667.23069714682;-670.961738052867;-0.384939289975549;-0.379503245505015;['Depth', 'WWTP_influence_as_mean_time_travelled__nosed_0µm_allseasons_222_', 'D50 (µm)'];TweedieRegressor(alpha=1, link='log', max_iter=100000, power=2);67;0.794940881973171;1.45231367785034;853.141675931953;0.382221267740282;0.843894921022068;1.4404417812592;933.774033742362;0.373748960755435
1;0.557554555765147;0.936938158726161;-0.262463683407618;-0.913578297229344;-2499.94626005307;-591.094952203646;-0.243303772267939;-0.389813646225237;['WWTP_influence_as_mean_time_travelled__nosed_0µm_allseasons_222_', 'PC1'];TweedieRegressor(alpha=0, link='log', max_iter=100000, power=2);42;0.918894230266379;0.838449687942221;674.60694964525;0.388854008635968;0.918848396654578;0.823735153439397;699.43746084427;0.390724363354925
5;0.462860846544292;0.930474295509378;-0.899555151380969;-0.7686136590366;-1269.56544701699;-616.641437187338;-0.655541509320592;-0.195941071966472;['WWTP_influence_as_mean_time_travelled__nosed_0µm_allseasons_222_', 'perc MUD', 'PC2'];TweedieRegressor(alpha=1, link='log', max_iter=100000, power=2);117;0.922720102315934;0.783722292768643;773.271317226338;0.248713439239538;0.921878132306882;0.880122269992506;845.838404038443;0.311866326620283
3;0.234415005035634;0.885726935787986;-5.50635636094063;-1.08831854064987;-2214.35032705957;-891.386608958688;-1.00444955269548;-0.265737533204842;['Depth', 'WWTP_influence_as_mean_time_travelled__nosed_0µm_allseasons_222_', 'D50 (µm)'];TweedieRegressor(alpha=0, link='log', max_iter=100000, power=2);67;0.878182892201736;1.59809213529881;953.220171900705;0.354318078982438;0.848080436421907;1.4575136707164;949.091314962845;0.377644715644443
6;-0.554330561192441;0.920562647486748;-2.32429356139453;-0.834574352043301;-962.513124020525;-803.227274300401;-2.32429356139453;-0.311506107186266;['Depth', 'WWTP_influence_as_mean_time_travelled__nosed_0µm_allseasons_222_', 'perc MUD'];TweedieRegressor(alpha=1, link='log', max_iter=100000, power=2);68;0.920322229547339;0.949168137378011;803.227274300401;0.370560366382191;0.930338622574826;0.885816607217414;753.655789421327;0.311295971847021
9;-0.76470512658338;0.95165036354034;-0.449596473218959;-0.865030595444607;-224.952965160298;-982.939954261227;-0.449596473218959;-0.355344916002277;['Depth', 'WWTP_influence_as_mean_time_travelled__nosed_0µm_allseasons_222_', 'PC1'];TweedieRegressor(alpha=0, link='log', max_iter=100000, power=2);69;0.953136146767291;0.833074124504172;945.550804979453;0.355344916002277;0.931566645360242;0.829764954377598;709.545086375103;0.366716316211472
0;-0.990529338131925;0.963261385266085;-0.559553397184181;-0.88661370430622;-2418.75783718102;-672.028658813012;-0.53936633893627;-0.278532251394718;['Depth', 'WWTP_influence_as_mean_time_travelled__nosed_0µm_allseasons_222_', 'perc MUD'];TweedieRegressor(alpha=0, link='log', max_iter=100000, power=2);68;0.932897252438133;0.848875976561369;992.541268323664;0.323833593882721;0.931938824116344;0.890883208074114;739.35628044867;0.306725677833879
8;-1.46118130739152;0.952470457008384;-0.525459780073065;-0.789066470498965;-1994.2795199706;-790.933830512456;-0.525459780073065;-0.223344987731319;['WWTP_influence_as_mean_time_travelled__nosed_0µm_allseasons_222_', 'perc MUD'];TweedieRegressor(alpha=0, link='log', max_iter=100000, power=2);41;0.937577603778747;0.768789032773896;790.933830512456;0.251264596622172;0.921925640737199;0.880402802687607;850.024600615008;0.306725301679941
;;;;;;;;;;;;;;;;;;;
;;;;;;;;;;;;;;;;;;;
---------------------------------------------------------------------------------------------------------------------------------------------------------------------------------------------------------------------------------------------------------------------------------------;;;;;;;;;;;;;;;;;;;
---------------------------------------------------------------------------------------------------------------------------------------------------------------------------------------------------------------------------------------------------------------------------------------;;;;;;;;;;;;;;;;;;;
;;;;;;;;;;;;;;;;;;;
Model started:;20230125_175247;;;;;;;;;;;;;;;;;;
Duration:;0.039 h on 120 cpu cores;;;;;;;;;;;;;;;;;;
Outliers excluded:;['S32', 'S05'];;;;;;;;;;;;;;;;;;
Samples:;['S01', 'S02', 'S03', 'S04', 'S06', 'S07', 'S08', 'S10', 'S11', 'S13', 'S14', 'S15', 'S16', 'S17', 'S19', 'S20', 'S21', 'S22', 'S23', 'S24', 'S25', 'S26', 'S27', 'S29', 'S30', 'S31'];;;;;;;;;;;;;;;;;;
Vertical merge:;True;;;;;;;;;;;;;;;;;;
Scaler:;None;;;;;;;;;;;;;;;;;;
Number of features per candidate (min, max):;(2, 5);;;;;;;;;;;;;;;;;;
Total number of feature combinations tested:;63;;;;;;;;;;;;;;;;;;
Available features:; ['Depth', 'Dist_Land', 'WWTP_influence_as_cumulated_residence__nosed_0µm_allseasons_222_', 'WWTP_influence_as_mean_time_travelled__nosed_0µm_allseasons_222_', 'D50 (µm)', 'perc MUD', 'PC1', 'PC2'];;;;;;;;;;;;;;;;;;
;;;;;;;;;;;;;;;;;;;
Regressors:;[{'regressor': [TweedieRegressor(max_iter=100000)], 'regressor__power': [2], 'regressor__alpha': [0], 'regressor__link': ['log']}, {'regressor': [XGBRegressor(base_score=None, booster=None, callbacks=None,;;;;;;;;;;;;;;;;;;
             colsample_bylevel=None, colsample_bynode=None,;;;;;;;;;;;;;;;;;;;
             colsample_bytree=None, early_stopping_rounds=None,;;;;;;;;;;;;;;;;;;;
             enable_categorical=False, eval_metric=None, feature_types=None,;;;;;;;;;;;;;;;;;;;
             gamma=None, gpu_id=None, grow_policy=None, importance_type=None,;;;;;;;;;;;;;;;;;;;
             interaction_constraints=None, learning_rate=None, max_bin=None,;;;;;;;;;;;;;;;;;;;
             max_cat_threshold=None, max_cat_to_onehot=None,;;;;;;;;;;;;;;;;;;;
             max_delta_step=None, max_depth=None, max_leaves=None,;;;;;;;;;;;;;;;;;;;
             min_child_weight=None, missing=nan, monotone_constraints=None,;;;;;;;;;;;;;;;;;;;
             n_estimators=100, n_jobs=None, num_parallel_tree=None,;;;;;;;;;;;;;;;;;;;
             predictor=None, random_state=None, ...)], 'regressor__n_estimators': [20, 100, 500], 'regressor__learning_rate': [0.01, 0.1, 0.5]}];;;;;;;;;;;;;;;;;;;
Scorer for evaluation (outer fold results are sorted by this!):;R2;;;;;;;;;;;;;;;;;;
Aggregation for evaluation:;median;;;;;;;;;;;;;;;;;;
;;;;;;;;;;;;;;;;;;;
CV schemes:;;;;;;;;;;;;;;;;;;;
    inner:;10;;;;;;;;;;;;;;;;;;
    outer:;10;;;;;;;;;;;;;;;;;;
---------------------------------------------------------------------------------------------------------------------------------------------------------------------------------------------------------------------------------------------------------------------------------------;;;;;;;;;;;;;;;;;;;
Median outer CV test set R2:;0.0938444253127679;;;;;;;;;;;;;;;;;;
Mean outer CV test set R2:;0.118647972756859;;;;;;;;;;;;;;;;;;
---------------------------------------------------------------------------------------------------------------------------------------------------------------------------------------------------------------------------------------------------------------------------------------;;;;;;;;;;;;;;;;;;;
outerCV_fold;test_R2;train_R2;test_MAPE;train_MAPE;test_MedAE;train_MedAE;test_MedAPE;train_MedAPE;features;regressor;feature_combi_ID;allSamples_R2;allSamples_MAPE;allSamples_MedAE;allSamples_MedAPE;allSamples_R2_refit;allSamples_MAPE_refit;allSamples_MedAE_refit;allSamples_MedAPE_refit
4;0.946764052650062;0.928055386539078;-0.30541414404269;-0.944889359629567;-265.864741492417;-842.949845045279;-0.304775636176437;-0.266537360847022;['Dist_Land', 'WWTP_influence_as_mean_time_travelled__nosed_0µm_allseasons_222_', 'perc MUD'];TweedieRegressor(alpha=0, link='log', max_iter=100000, power=2);39;0.929666925449219;0.871103757831081;813.53730719541;0.28565649851173;0.91260070928683;0.858324141567249;862.962793005297;0.292788418143518
7;0.935047775938456;0.914690735803087;-1.48213046720845;-0.852539130439572;-213.812801961631;-742.792713425407;-1.48213046720845;-0.33964198208886;['Depth', 'WWTP_influence_as_mean_time_travelled__nosed_0µm_allseasons_222_', 'PC1'];TweedieRegressor(alpha=0, link='log', max_iter=100000, power=2);29;0.916899972522586;0.900969233267948;654.158321652657;0.33964198208886;0.931566645360242;0.829764954377598;709.545086375103;0.366716316211472
1;0.876428813376195;0.926300295314265;-0.165929356122421;-0.988221915590786;-1373.9237791107;-793.81859490976;-0.133715209645811;-0.326763472080885;['WWTP_influence_as_mean_time_travelled__nosed_0µm_allseasons_222_', 'perc MUD'];TweedieRegressor(alpha=0, link='log', max_iter=100000, power=2);17;0.925407220248781;0.893342004882897;844.636804728893;0.316852732689152;0.921925640737199;0.880402802687607;850.024600615008;0.306725301679941
5;0.463596975079202;0.930625671858443;-0.899954423536994;-0.768320037774258;-1270.68307182723;-616.387185557009;-0.655850504601178;-0.195042581133353;['WWTP_influence_as_mean_time_travelled__nosed_0µm_allseasons_222_', 'perc MUD'];TweedieRegressor(alpha=0, link='log', max_iter=100000, power=2);17;0.922880802331183;0.783508620746881;781.502209172169;0.250056826434004;0.921925640737199;0.880402802687607;850.024600615008;0.306725301679941
3;0.234415005035634;0.885726935787986;-5.50635636094063;-1.08831854064987;-2214.35032705957;-891.386608958688;-1.00444955269548;-0.265737533204842;['Depth', 'WWTP_influence_as_mean_time_travelled__nosed_0µm_allseasons_222_', 'D50 (µm)'];TweedieRegressor(alpha=0, link='log', max_iter=100000, power=2);27;0.878182892201736;1.59809213529881;953.220171900705;0.354318078982438;0.848080436421907;1.4575136707164;949.091314962845;0.377644715644443
2;-0.0467261544100983;0.999999999999886;-0.968444499358083;-1.62246852056387E-06;-4553.2958984375;-0.0009765625;-0.627582528203153;-2.62328751790831E-07;['WWTP_influence_as_cumulated_residence__nosed_0µm_allseasons_222_', 'PC1', 'PC2'];"XGBRegressor(base_score=None, booster=None, callbacks=None,
             colsample_bylevel=None, colsample_bynode=None,
             colsample_bytree=None, early_stopping_rounds=None,
             enable_categorical=False, eval_metric=None, feature_types=None,
             gamma=None, gpu_id=None, grow_policy=None, importance_type=None,
             interaction_constraints=None, learning_rate=0.5, max_bin=None,
             max_cat_threshold=None, max_cat_to_onehot=None,
             max_delta_step=None, max_depth=None, max_leaves=None,
             min_child_weight=None, missing=nan, monotone_constraints=None,
             n_estimators=500, n_jobs=None, num_parallel_tree=None,
             predictor=None, random_state=None, ...)";47;0.603125986738606;0.111745031340393;0.0009765625;3.12411981860631E-07;0.999999999999964;9.51462501484388E-07;0.00042724609375;2.51360526283613E-07
0;-0.226024615835702;0.935712084395451;-0.44812699187922;-1.31704723691876;-1755.90957987047;-367.83517198526;-0.461566852407481;-0.411368306969804;['Depth', 'WWTP_influence_as_mean_time_travelled__nosed_0µm_allseasons_222_', 'D50 (µm)', 'PC2'];TweedieRegressor(alpha=0, link='log', max_iter=100000, power=2);54;0.917721748714937;1.21678720864497;577.365744609897;0.436467579688643;0.907085826674987;1.25345517273333;580.814421250022;0.443464314765754
6;-0.560632858395282;0.922293822392485;-2.30176188703549;-0.840852738006533;-962.308402016891;-793.925728086632;-2.30176188703549;-0.324172873601132;['Depth', 'WWTP_influence_as_mean_time_travelled__nosed_0µm_allseasons_222_', 'perc MUD'];TweedieRegressor(alpha=0, link='log', max_iter=100000, power=2);28;0.921999060105863;0.953230364854914;793.925728086632;0.377485476041768;0.931938824116344;0.890883208074114;739.35628044867;0.306725677833879
8;-0.661162918823215;0.992695700632337;-0.426727293796001;-0.0334836034897731;-1632;-53.6568603515625;-0.426727293796001;-0.0287428628115927;['Depth', 'WWTP_influence_as_mean_time_travelled__nosed_0µm_allseasons_222_', 'PC1'];"XGBRegressor(base_score=None, booster=None, callbacks=None,
             colsample_bylevel=None, colsample_bynode=None,
             colsample_bytree=None, early_stopping_rounds=None,
             enable_categorical=False, eval_metric=None, feature_types=None,
             gamma=None, gpu_id=None, grow_policy=None, importance_type=None,
             interaction_constraints=None, learning_rate=0.01, max_bin=None,
             max_cat_threshold=None, max_cat_to_onehot=None,
             max_delta_step=None, max_depth=None, max_leaves=None,
             min_child_weight=None, missing=nan, monotone_constraints=None,
             n_estimators=500, n_jobs=None, num_parallel_tree=None,
             predictor=None, random_state=None, ...)";29;0.982419021135812;0.0637331181287136;60.5728759765625;0.0291150830182515;0.992758381991762;0.0301455385380253;41.2457580566406;0.0203668111050291
9;-0.775226347046657;0.951843143689708;-0.415945021053579;-0.925546429411265;-220.484082826342;-810.185396685158;-0.415945021053579;-0.35156325670324;['Depth', 'WWTP_influence_as_mean_time_travelled__nosed_0µm_allseasons_222_', 'perc MUD'];TweedieRegressor(alpha=0, link='log', max_iter=100000, power=2);28;0.953320952525365;0.886346321076059;766.047140340556;0.35156325670324;0.931938824116344;0.890883208074114;739.35628044867;0.306725677833879


---------------------------------------------------------------------------------------------------------------------------------------------------------------------------------------------------------------------------------------------------------------------------------------
---------------------------------------------------------------------------------------------------------------------------------------------------------------------------------------------------------------------------------------------------------------------------------------

Model started:;20230130_141106
Duration:;0.68 h on 120 cpu cores
Outliers excluded:;['S32', 'S05']
Samples:;['S01', 'S02', 'S03', 'S04', 'S06', 'S07', 'S08', 'S10', 'S11', 'S13', 'S14', 'S15', 'S16', 'S17', 'S19', 'S20', 'S21', 'S22', 'S23', 'S24', 'S25', 'S26', 'S27', 'S29', 'S30', 'S31']
Vertical merge:;True
Scaler:;None
Number of features per candidate (min, max):;(2, 2)
Total number of feature combinations tested:;47
Available features:; ['Depth', 'Dist_Land', 'WWTP_influence_as_mean_time_travelled__sed_18µm_allseasons_444', 'WWTP_influence_as_mean_time_travelled__sed_18µm_autumn_222', 'WWTP_influence_as_cumulated_residence__nosed_18µm_autumn_222', 'WWTP_influence_as_mean_time_travelled__nosed_18µm_allseasons_222', 'WWTP_influence_as_cumulated_residence__nosed_0µm_allseasons_222_', 'WWTP_influence_as_mean_time_travelled__nosed_0µm_allseasons_222_', 'D50 (µm)', 'perc MUD', 'PC1', 'PC2']

Regressors:;[{'regressor': [TweedieRegressor(max_iter=100000)], 'regressor__power': [2], 'regressor__alpha': [0, 1], 'regressor__link': ['log']}, {'regressor': [RandomForestRegressor(random_state=RandomState(MT19937) at 0x7FB0E6B5A840)], 'regressor__n_estimators': [5, 10, 20, 50, 100], 'regressor__max_depth': [None, 2, 4], 'regressor__max_features': [None, 0.3333333333333333]}]
Scorer for evaluation (outer fold results are sorted by this!):;MedAPE
Aggregation for evaluation:;median

CV schemes:
    inner:;LeaveOneOut()
    outer:;LeaveOneOut()
---------------------------------------------------------------------------------------------------------------------------------------------------------------------------------------------------------------------------------------------------------------------------------------
Median outer CV test set MedAPE:; -0.32790663800689945
Mean outer CV test set MedAPE:; -1.2415999936301445
---------------------------------------------------------------------------------------------------------------------------------------------------------------------------------------------------------------------------------------------------------------------------------------
outerCV_fold;test_R2;train_R2;test_MAPE;train_MAPE;test_MedAE;train_MedAE;test_MedAPE;train_MedAPE;features;regressor;feature_combi_ID;allSamples_R2;allSamples_MAPE;allSamples_MedAE;allSamples_MedAPE;allSamples_R2_refit;allSamples_MAPE_refit;allSamples_MedAE_refit;allSamples_MedAPE_refit
7;;0.8761488447400132;-0.020485051375084835;-1.1105735062352233;-46.68543208381834;-1019.0983134704065;-0.020485051375084835;-0.28543545100968054;['WWTP_influence_as_mean_time_travelled__sed_18µm_autumn_222', 'perc MUD'];TweedieRegressor(alpha=0, link='log', max_iter=100000, power=2);25;0.876639216629282;1.068647027202141;981.4609770318003;0.27915142311009356;0.8760698187703828;1.0674140778600998;977.0563594506873;0.28030150747648064
25;;0.8719271520907983;-0.0517998612259903;-1.112359042974957;-7.9771786288025055;-999.3415966884659;-0.0517998612259903;-0.2926700761272843;['WWTP_influence_as_mean_time_travelled__sed_18µm_autumn_222', 'perc MUD'];TweedieRegressor(alpha=0, link='log', max_iter=100000, power=2);25;0.8743370654346246;1.0715683052153813;974.0355603757987;0.282362634530761;0.8760698187703828;1.0674140778600998;977.0563594506873;0.28030150747648064
0;;0.8730829535348653;-0.09987035166297828;-1.103115164981042;-659.4439320306456;-970.2335597844622;-0.09987035166297828;-0.2785733416366081;['WWTP_influence_as_mean_time_travelled__sed_18µm_autumn_222', 'perc MUD'];TweedieRegressor(alpha=1, link='log', max_iter=100000, power=2);25;0.8735501967717896;1.0645288260072705;955.2488137300327;0.27756806497923286;0.8757570939545477;1.067930108700469;975.5817178198814;0.28001128701927414
8;;0.8614577553393451;-0.16889113168006165;-1.0981943948393595;-2105.5657386553285;-907.3291094362294;-0.16889113168006165;-0.2817904319461653;['WWTP_influence_as_mean_time_travelled__sed_18µm_autumn_222', 'perc MUD'];TweedieRegressor(alpha=1, link='log', max_iter=100000, power=2);25;0.8680984721991969;1.0624519616409251;924.8689243785245;0.28142630937653335;0.8757570939545477;1.067930108700469;975.5817178198814;0.28001128701927414
3;;0.8772300867683535;-0.18162392884734574;-1.1132317028147476;-225.39529569955607;-1056.972472463689;-0.18162392884734574;-0.27749521473308186;['WWTP_influence_as_mean_time_travelled__sed_18µm_autumn_222', 'perc MUD'];TweedieRegressor(alpha=0, link='log', max_iter=100000, power=2);25;0.8783807224994401;1.0774006345852323;1002.1041263615128;0.2752276081955336;0.8760698187703828;1.0674140778600998;977.0563594506873;0.28030150747648064
4;;0.880424774514404;-0.192194754889323;-1.1074134816250119;-1974.8011064877937;-944.8850980609386;-0.192194754889323;-0.2850022169518733;['WWTP_influence_as_mean_time_travelled__sed_18µm_autumn_222', 'perc MUD'];TweedieRegressor(alpha=1, link='log', max_iter=100000, power=2);25;0.881429776946355;1.0722127613659471;1019.0897561701181;0.2797131690768543;0.8757570939545477;1.067930108700469;975.5817178198814;0.28001128701927414
14;;0.8706070189164858;-0.20344068679711172;-1.1172649133288337;-42.31566285379924;-1002.8791478299963;-0.20344068679711172;-0.28719737830957787;['WWTP_influence_as_mean_time_travelled__sed_18µm_autumn_222', 'perc MUD'];TweedieRegressor(alpha=0, link='log', max_iter=100000, power=2);25;0.8729733775824513;1.0821178276929984;979.2136623571298;0.2804181824606418;0.8760698187703828;1.0674140778600998;977.0563594506873;0.28030150747648064
9;;0.8820408378653337;-0.23071375719774984;-1.1081626772547666;-1088.5075064589837;-947.2737021681628;-0.23071375719774984;-0.28871095375029066;['WWTP_influence_as_mean_time_travelled__sed_18µm_autumn_222', 'perc MUD'];TweedieRegressor(alpha=0, link='log', max_iter=100000, power=2);25;0.8807127525319034;1.0744146418679583;1017.8906043135732;0.28047062008342316;0.8760698187703828;1.0674140778600998;977.0563594506873;0.28030150747648064
18;;0.880398927464791;-0.25439789503677235;-1.0857057263038281;-451.3018657952341;-1018.8837007744205;-0.25439789503677235;-0.2563369621587751;['WWTP_influence_as_mean_time_travelled__sed_18µm_autumn_222', 'perc MUD'];TweedieRegressor(alpha=0, link='log', max_iter=100000, power=2);25;0.8809396444777993;1.0537323481781722;966.8880871331505;0.2553674285977737;0.8760698187703828;1.0674140778600998;977.0563594506873;0.28030150747648064
5;;0.8868019363711297;-0.2822687873956491;-1.1055928681706721;-2233.875183449167;-945.7626575313716;-0.2822687873956491;-0.28469025791701513;['WWTP_influence_as_mean_time_travelled__sed_18µm_autumn_222', 'perc MUD'];TweedieRegressor(alpha=0, link='log', max_iter=100000, power=2);25;0.8829829521990643;1.073926557371633;1033.672270768458;0.28347952265633214;0.8760698187703828;1.0674140778600998;977.0563594506873;0.28030150747648064
13;;0.8770894833696083;-0.2893068226116423;-1.0695133884391805;-172.42686627653882;-984.9557100161646;-0.2893068226116423;-0.2713752153913742;['WWTP_influence_as_mean_time_travelled__sed_18µm_autumn_222', 'perc MUD'];TweedieRegressor(alpha=0, link='log', max_iter=100000, power=2);25;0.8788771096648531;1.0395054435996598;953.7538671386945;0.28034101900150826;0.8760698187703828;1.0674140778600998;977.0563594506873;0.28030150747648064
12;;0.873380412432935;-0.2909022341231472;-1.0829008946022023;-1477.2015448773413;-908.5692436925256;-0.2909022341231472;-0.26561232271723845;['WWTP_influence_as_mean_time_travelled__sed_18µm_autumn_222', 'perc MUD'];TweedieRegressor(alpha=0, link='log', max_iter=100000, power=2);25;0.8709805442144952;1.0524394076607004;917.1961470740684;0.2699869091264183;0.8760698187703828;1.0674140778600998;977.0563594506873;0.28030150747648064
6;;0.8216030904021221;-0.32305446198005405;-1.0918997562312274;-8913.072606029691;-843.4828698105603;-0.32305446198005405;-0.2913471923650602;['WWTP_influence_as_mean_time_travelled__sed_18µm_autumn_222', 'perc MUD'];TweedieRegressor(alpha=1, link='log', max_iter=100000, power=2);25;0.8485235246895316;1.0623287833754131;868.6191096297421;0.3035973777534865;0.8757570939545477;1.067930108700469;975.5817178198814;0.28001128701927414
20;;0.8745598258073015;-0.3327588140337449;-1.1079374029619136;-583.6589598151886;-1034.4697840583694;-0.3327588140337449;-0.2581610963225722;['WWTP_influence_as_mean_time_travelled__sed_18µm_autumn_222', 'perc MUD'];TweedieRegressor(alpha=0, link='log', max_iter=100000, power=2);25;0.8749926263703711;1.0781228418492916;998.1781424250726;0.28810940294404963;0.8760698187703828;1.0674140778600998;977.0563594506873;0.28030150747648064
1;;0.9164263402720054;-0.5178304388936774;-0.8420049052531695;-915.5242159640217;-661.3696396549802;-0.5178304388936774;-0.27339769913832745;['WWTP_influence_as_mean_time_travelled__nosed_0µm_allseasons_222_', 'perc MUD'];TweedieRegressor(alpha=0, link='log', max_iter=100000, power=2);41;0.9159936354909604;0.8295366565470352;746.6726802304529;0.2900618455304328;0.9219256407371993;0.8804028026876072;850.0246006150077;0.3067253016799412
16;;0.9310881201009902;-0.6344515263334451;-0.3990692597715265;-3782.6;-245.5999999999999;-0.6344515263334451;-0.18030073287844323;['WWTP_influence_as_cumulated_residence__nosed_18µm_autumn_222', 'PC1'];"RandomForestRegressor(max_features=0.3333333333333333, n_estimators=20,
                      random_state=RandomState(MT19937) at 0x7FB0DD6DDD40)";30;0.9146580630395534;0.40812242387006176;255.14999999999998;0.21208131968315058;0.8828527480458768;0.5301847636251542;341.425;0.17811091801804455
15;;0.9272226533664316;-0.6587891933987848;-0.7799922276927489;-1264.8752513256668;-837.9631257656124;-0.6587891933987848;-0.22480115019770675;['WWTP_influence_as_mean_time_travelled__nosed_0µm_allseasons_222_', 'perc MUD'];TweedieRegressor(alpha=1, link='log', max_iter=100000, power=2);41;0.925768571221006;0.7753305725275965;853.1915086386891;0.2501581369714112;0.9217776614180653;0.8808870022171555;848.0830005385053;0.30743557564556934
2;;0.9060987064322796;-0.7202986787576298;-1.0933640941656821;-4141.717402856371;-951.8430675263749;-0.7202986787576298;-0.2906766910603777;['WWTP_influence_as_mean_time_travelled__sed_18µm_autumn_222', 'perc MUD'];TweedieRegressor(alpha=0, link='log', max_iter=100000, power=2);25;0.8863634409260358;1.0790154243422956;1077.4119867421853;0.2980787846843516;0.8760698187703828;1.0674140778600998;977.0563594506873;0.28030150747648064
23;;0.9509349513061739;-0.7600742481220298;-0.7756484673728927;-3541.945996248659;-766.840171869498;-0.7600742481220298;-0.22838599562215245;['WWTP_influence_as_mean_time_travelled__nosed_0µm_allseasons_222_', 'perc MUD'];TweedieRegressor(alpha=0, link='log', max_iter=100000, power=2);41;0.93629064892137;0.7750494589401671;783.1639931278421;0.22995924720206978;0.9219256407371993;0.8804028026876072;850.0246006150077;0.3067253016799412
11;;0.8754017055120095;-1.1843840026286814;-1.1017630601910446;-506.9163531250756;-1100.1819680120916;-1.1843840026286814;-0.2692447340488363;['WWTP_influence_as_mean_time_travelled__sed_18µm_autumn_222', 'perc MUD'];TweedieRegressor(alpha=0, link='log', max_iter=100000, power=2);25;0.8771307628980454;1.1049407887463383;1034.2850590971661;0.2758030051591556;0.8760698187703828;1.0674140778600998;977.0563594506873;0.28030150747648064
24;;0.9279756282675078;-2.1174708818635604;-0.3288823113532299;-1272.6;-627.1499999999996;-2.1174708818635604;-0.19128593934619936;['WWTP_influence_as_cumulated_residence__nosed_18µm_autumn_222', 'PC1'];"RandomForestRegressor(max_features=0.3333333333333333, n_estimators=20,
                      random_state=RandomState(MT19937) at 0x7FB0DCEEA640)";30;0.9271474878513224;0.39767417944978106;639.7999999999997;0.1984650092571319;0.8828527480458768;0.5301847636251542;341.425;0.17811091801804455
22;;0.900014116585894;-2.464183381088825;-0.5031370887734178;-3440.0;-429.8599999999997;-2.464183381088825;-0.13145237013478714;['WWTP_influence_as_cumulated_residence__nosed_0µm_allseasons_222_', 'perc MUD'];"RandomForestRegressor(max_features=None, n_estimators=50,
                      random_state=RandomState(MT19937) at 0x7FB0DCEEA540)";37;0.8870633922966609;0.5785619461701642;434.6099999999997;0.2220186823490174;0.9282414104405372;0.5258944487646485;439.22;0.17728910555320046
17;;0.8846797192407592;-3.0119896988959005;-1.02315269902152;-2283.0881917630927;-982.8252352392494;-3.0119896988959005;-0.2910679995543643;['WWTP_influence_as_mean_time_travelled__sed_18µm_autumn_222', 'perc MUD'];TweedieRegressor(alpha=1, link='log', max_iter=100000, power=2);25;0.8801419405881159;1.0996464297859192;1078.087158748045;0.3164235341561118;0.8757570939545477;1.067930108700469;975.5817178198814;0.28001128701927414
21;;0.9039473007276789;-3.0176539768108857;-0.8656387440326482;-229.34170223762732;-768.9491388023849;-3.0176539768108857;-0.31791757503622603;['WWTP_influence_as_mean_time_travelled__nosed_0µm_allseasons_222_', 'perc MUD'];TweedieRegressor(alpha=1, link='log', max_iter=100000, power=2);41;0.9057656518638871;0.9484085606779651;758.6721242113833;0.33216899445130754;0.9217776614180653;0.8808870022171555;848.0830005385053;0.30743557564556934
19;;0.8708341873383179;-5.515159913412397;-0.9414296582323584;-998.2439443276439;-1090.7791920090604;-5.515159913412397;-0.26367362120431553;['WWTP_influence_as_mean_time_travelled__sed_18µm_autumn_222', 'perc MUD'];TweedieRegressor(alpha=0, link='log', max_iter=100000, power=2);25;0.872066738880019;1.1173423603546675;1044.5115681683521;0.3113660753663912;0.8760698187703828;1.0674140778600998;977.0563594506873;0.28030150747648064
10;;0.883279873373665;-8.75760535532128;-0.8208280709516774;-1296.1255925875494;-975.9183421901444;-8.75760535532128;-0.26853355207861246;['WWTP_influence_as_mean_time_travelled__sed_18µm_autumn_222', 'perc MUD'];TweedieRegressor(alpha=0, link='log', max_iter=100000, power=2);25;0.8835193216996552;1.1260887357351235;1081.2804348073917;0.28144027663319593;0.8760698187703828;1.0674140778600998;977.0563594506873;0.28030150747648064


---------------------------------------------------------------------------------------------------------------------------------------------------------------------------------------------------------------------------------------------------------------------------------------
---------------------------------------------------------------------------------------------------------------------------------------------------------------------------------------------------------------------------------------------------------------------------------------

Model started:;20230130_153052
Duration:;0.47 h on 120 cpu cores
Outliers excluded:;['S32', 'S05']
Samples:;['S01', 'S02', 'S03', 'S04', 'S06', 'S07', 'S08', 'S10', 'S11', 'S13', 'S14', 'S15', 'S16', 'S17', 'S19', 'S20', 'S21', 'S22', 'S23', 'S24', 'S25', 'S26', 'S27', 'S29', 'S30', 'S31']
Vertical merge:;True
Scaler:;None
Number of features per candidate (min, max):;(2, 4)
Total number of feature combinations tested:;155
Available features:; ['Depth', 'Dist_Land', 'WWTP_influence_as_mean_time_travelled__sed_18µm_allseasons_444', 'WWTP_influence_as_mean_time_travelled__sed_18µm_autumn_222', 'WWTP_influence_as_cumulated_residence__nosed_18µm_autumn_222', 'WWTP_influence_as_mean_time_travelled__nosed_18µm_allseasons_222', 'WWTP_influence_as_cumulated_residence__nosed_0µm_allseasons_222_', 'WWTP_influence_as_mean_time_travelled__nosed_0µm_allseasons_222_', 'D50 (µm)', 'perc MUD', 'PC1', 'PC2']

Regressors:;[{'regressor': [TweedieRegressor(max_iter=100000)], 'regressor__power': [2], 'regressor__alpha': [0, 0.2, 1, 1.5, 2, 5, 10], 'regressor__link': ['log']}]
Scorer for evaluation (outer fold results are sorted by this!):;MedAPE
Aggregation for evaluation:;median

CV schemes:
    inner:;LeaveOneOut()
    outer:;LeaveOneOut()
---------------------------------------------------------------------------------------------------------------------------------------------------------------------------------------------------------------------------------------------------------------------------------------
Median outer CV test set MedAPE:; -0.32346753000299905
Mean outer CV test set MedAPE:; -1.1789665142752823
---------------------------------------------------------------------------------------------------------------------------------------------------------------------------------------------------------------------------------------------------------------------------------------
outerCV_fold;test_R2;train_R2;test_MAPE;train_MAPE;test_MedAE;train_MedAE;test_MedAPE;train_MedAPE;features;regressor;feature_combi_ID;allSamples_R2;allSamples_MAPE;allSamples_MedAE;allSamples_MedAPE;allSamples_R2_refit;allSamples_MAPE_refit;allSamples_MedAE_refit;allSamples_MedAPE_refit
3;;0.9264360282710932;-0.02016923834742935;-0.9857822337043275;-25.030024789159825;-891.5068600076738;-0.02016923834742935;-0.26968155974626606;['Dist_Land', 'WWTP_influence_as_mean_time_travelled__nosed_18µm_allseasons_222', 'perc MUD'];TweedieRegressor(alpha=10, link='log', max_iter=100000, power=2);87;0.9271603407343278;0.9486432723444469;815.5542905401617;0.258832954548589;0.927300703521607;0.9498622130669868;815.6178646812361;0.25883384577958685
0;;0.9266120156859857;-0.029832083855457037;-0.9855482357832572;-196.98124969758283;-865.0294781029552;-0.029832083855457037;-0.26821007254656315;['Dist_Land', 'WWTP_influence_as_mean_time_travelled__nosed_18µm_allseasons_222', 'perc MUD'];TweedieRegressor(alpha=10, link='log', max_iter=100000, power=2);87;0.9271307547233473;0.9487899222475724;802.2659394398786;0.2567642677575286;0.927300703521607;0.9498622130669868;815.6178646812361;0.25883384577958685
13;;0.9274520437534117;-0.06179491640097699;-0.9840024961149563;-36.829770174982286;-838.2298518076386;-0.06179491640097699;-0.2646273958192787;['Dist_Land', 'WWTP_influence_as_mean_time_travelled__nosed_18µm_allseasons_222', 'perc MUD'];TweedieRegressor(alpha=10, link='log', max_iter=100000, power=2);87;0.9285261170565731;0.9485329738182647;788.9491469292755;0.2533244442720437;0.927300703521607;0.9498622130669868;815.6178646812361;0.25883384577958685
7;;0.9293537604197201;-0.08575068121486852;-0.9865332475603084;-195.42580248868535;-925.0011589018302;-0.08575068121486852;-0.2624277447715109;['Dist_Land', 'WWTP_influence_as_mean_time_travelled__nosed_18µm_allseasons_222', 'perc MUD'];TweedieRegressor(alpha=5, link='log', max_iter=100000, power=2);87;0.9295902876090532;0.95188776423933;831.9536418738371;0.26043677961058637;0.9278858962584368;0.9480276726645022;836.6298284464742;0.2601703370695454
6;;0.8022644753844566;-0.12148986070216822;-0.9810020070121009;-3351.9052567728213;-689.7657231954072;-0.12148986070216822;-0.2528493288659684;['Dist_Land', 'WWTP_influence_as_mean_time_travelled__nosed_18µm_allseasons_222', 'perc MUD', 'PC2'];TweedieRegressor(alpha=10, link='log', max_iter=100000, power=2);147;0.9218941984198477;0.9479438475386421;716.4251356182815;0.24692089381590504;0.9272909467902315;0.9497440372245614;816.0554293699615;0.2589390165892142
4;;0.8839035827703821;-0.17167857391890792;-1.1025713549137444;-1763.9973470167788;-907.8613594448884;-0.17167857391890792;-0.27565983574616065;['Depth', 'WWTP_influence_as_mean_time_travelled__sed_18µm_autumn_222', 'perc MUD'];TweedieRegressor(alpha=2, link='log', max_iter=100000, power=2);52;0.8856679697284868;1.0667677864139429;966.9465902407753;0.2621140245352106;0.8802111797157381;1.0629092775981468;927.3710682662388;0.26937621314812843
24;;0.9257508892385558;-0.19589918056990877;-0.9918667359591402;-117.73540752251517;-889.3698119399796;-0.19589918056990877;-0.2677212830490166;['Dist_Land', 'WWTP_influence_as_mean_time_travelled__nosed_18µm_allseasons_222', 'perc MUD', 'PC2'];TweedieRegressor(alpha=5, link='log', max_iter=100000, power=2);147;0.9268324185723439;0.9612525992134006;820.5734558234103;0.2649319582429258;0.927866106946544;0.9477900128745952;836.6883757898638;0.26038456521025355
25;;0.9236436330789866;-0.20826540370185928;-0.9919329128212232;-32.07287217008633;-880.9637274551369;-0.20826540370185928;-0.2699059522168989;['Dist_Land', 'WWTP_influence_as_mean_time_travelled__nosed_18µm_allseasons_222', 'perc MUD'];TweedieRegressor(alpha=0, link='log', max_iter=100000, power=2);87;0.925079252877182;0.9617918547781706;817.1404217790364;0.2673116108504894;0.9283682485231343;0.9462370988022589;838.4704512299684;0.2615344730528961
14;;0.925690246668183;-0.2647549022467777;-0.9995392467685599;-55.06901966732977;-757.171640278069;-0.2647549022467777;-0.26111853070638097;['Dist_Land', 'WWTP_influence_as_mean_time_travelled__nosed_18µm_allseasons_222', 'perc MUD'];TweedieRegressor(alpha=10, link='log', max_iter=100000, power=2);87;0.9270468921313088;0.9712783104407993;726.6396891494876;0.26293671647657935;0.927300703521607;0.9498622130669868;815.6178646812361;0.25883384577958685
18;;0.925761975116013;-0.2789311516085766;-0.9910163441341427;-494.82386295361493;-936.5225908705014;-0.2789311516085766;-0.2653876781748423;['Dist_Land', 'WWTP_influence_as_mean_time_travelled__nosed_18µm_allseasons_222', 'perc MUD', 'PC2'];TweedieRegressor(alpha=10, link='log', max_iter=100000, power=2);147;0.9259591801180608;0.9636284521139287;845.967253170191;0.2699654634280274;0.9272909467902315;0.9497440372245614;816.0554293699615;0.2589390165892142
12;;0.873380412432935;-0.2909022341231472;-1.0829008946022023;-1477.2015448773413;-908.5692436925256;-0.2909022341231472;-0.26561232271723845;['WWTP_influence_as_mean_time_travelled__sed_18µm_autumn_222', 'perc MUD'];TweedieRegressor(alpha=0, link='log', max_iter=100000, power=2);25;0.8709805442144952;1.0524394076607004;917.1961470740684;0.2699869091264183;0.8760698187703828;1.0674140778600998;977.0563594506873;0.28030150747648064
8;;0.9312496896415032;-0.2925139851858984;-0.9650640919491505;-3646.7718533125953;-488.1070629453552;-0.2925139851858984;-0.23184219339132944;['Dist_Land', 'WWTP_influence_as_mean_time_travelled__nosed_18µm_allseasons_222', 'perc MUD'];TweedieRegressor(alpha=0, link='log', max_iter=100000, power=2);87;0.9215720206308277;0.9391967801505642;613.2143553733752;0.23383408134543748;0.9283682485231343;0.9462370988022589;838.4704512299684;0.2615344730528961
5;;0.9342260258881349;-0.3173626546807697;-0.9675768261649834;-2511.6080491436114;-723.2370016712111;-0.3173626546807697;-0.23851938899830982;['Dist_Land', 'WWTP_influence_as_mean_time_travelled__nosed_18µm_allseasons_222', 'perc MUD', 'PC2'];TweedieRegressor(alpha=0.2, link='log', max_iter=100000, power=2);147;0.9280228112675338;0.942568588800206;836.9579880814899;0.2779410218395397;0.9278397089399644;0.9409987954262584;839.659716385137;0.2665274551448438
9;;0.9309921163424955;-0.3295724053252284;-0.9697767181613579;-1554.9226083244275;-725.8788215162671;-0.3295724053252284;-0.2421216517794619;['Dist_Land', 'WWTP_influence_as_mean_time_travelled__nosed_18µm_allseasons_222', 'perc MUD', 'PC2'];TweedieRegressor(alpha=0.2, link='log', max_iter=100000, power=2);147;0.9281993162235068;0.9451534753599683;836.89240549595;0.2759501506637797;0.9278397089399644;0.9409987954262584;839.659716385137;0.2665274551448438
20;;0.8765871894754137;-0.3381001542557298;-1.1048028097377414;-593.0276705645501;-979.894873034179;-0.3381001542557298;-0.2608708645044565;['Depth', 'WWTP_influence_as_mean_time_travelled__sed_18µm_autumn_222', 'perc MUD'];TweedieRegressor(alpha=5, link='log', max_iter=100000, power=2);52;0.8769936741661091;1.0753142460653562;958.0297342772029;0.26359359900544677;0.877709697447629;1.0657449196207394;938.7172335146986;0.27082474813187474
16;;0.932988031029009;-0.4995104021511854;-0.9131730114555926;-2978.0810176253676;-575.0598185485978;-0.4995104021511854;-0.2148434519266684;['Dist_Land', 'WWTP_influence_as_mean_time_travelled__nosed_18µm_allseasons_222', 'perc MUD'];TweedieRegressor(alpha=5, link='log', max_iter=100000, power=2);87;0.9229074059677081;0.8972629110977308;633.6471448173343;0.22700102854164594;0.9278858962584368;0.9480276726645022;836.6298284464742;0.2601703370695454
1;;0.9218914523583066;-0.5903052743653039;-0.8999153916561966;-1043.6597250778573;-696.4003598221105;-0.5903052743653039;-0.22987951920692087;['Dist_Land', 'WWTP_influence_as_mean_time_travelled__nosed_18µm_allseasons_222', 'perc MUD'];TweedieRegressor(alpha=10, link='log', max_iter=100000, power=2);87;0.9211295450507073;0.8880073102219315;748.8842412634417;0.25506121874475224;0.927300703521607;0.9498622130669868;815.6178646812361;0.25883384577958685
15;;0.9352919220742553;-0.648698998286766;-0.8807013993941034;-1245.5020767105907;-519.0448882132878;-0.648698998286766;-0.20668659720584903;['Dist_Land', 'WWTP_influence_as_mean_time_travelled__nosed_18µm_allseasons_222', 'perc MUD'];TweedieRegressor(alpha=10, link='log', max_iter=100000, power=2);87;0.9338485631821757;0.8717782301207444;566.7436388666374;0.23421847851502317;0.927300703521607;0.9498622130669868;815.6178646812361;0.25883384577958685
2;;0.9075989551827802;-0.6715413402069936;-1.0901760298265308;-3861.3627061902134;-918.4516922680443;-0.6715413402069936;-0.2617656756341502;['Depth', 'WWTP_influence_as_mean_time_travelled__sed_18µm_autumn_222', 'perc MUD'];TweedieRegressor(alpha=2, link='log', max_iter=100000, power=2);52;0.8904812259896067;1.0740746956103946;1027.6934316932757;0.2709855735944064;0.8802111797157381;1.0629092775981468;927.3710682662388;0.26937621314812843
23;;0.9509349513061739;-0.7600742481220298;-0.7756484673728927;-3541.945996248659;-766.840171869498;-0.7600742481220298;-0.22838599562215245;['WWTP_influence_as_mean_time_travelled__nosed_0µm_allseasons_222_', 'perc MUD'];TweedieRegressor(alpha=0, link='log', max_iter=100000, power=2);41;0.93629064892137;0.7750494589401671;783.1639931278421;0.22995924720206978;0.9219256407371993;0.8804028026876072;850.0246006150077;0.3067253016799412
11;;0.9290740510773586;-0.9428704600118728;-0.984553253105777;-403.54855688508155;-899.7126220875175;-0.9428704600118728;-0.2619376827235299;['Dist_Land', 'WWTP_influence_as_mean_time_travelled__nosed_18µm_allseasons_222', 'perc MUD'];TweedieRegressor(alpha=0, link='log', max_iter=100000, power=2);87;0.9300389170949169;0.9829500687560115;831.0125394581495;0.2653144965219043;0.9283682485231343;0.9462370988022589;838.4704512299684;0.2615344730528961
22;;0.8983127566333259;-2.089248875278735;-1.049678822334048;-2916.591429889114;-916.53188321576;-2.089248875278735;-0.2552509694358601;['Depth', 'WWTP_influence_as_mean_time_travelled__sed_18µm_autumn_222', 'perc MUD'];TweedieRegressor(alpha=1, link='log', max_iter=100000, power=2);52;0.8892659308928997;1.0896622859088436;997.4547188556594;0.2747502661906567;0.8813903481599049;1.0619597080894931;919.6131317739863;0.27499374233931084
17;;0.891234174009072;-2.9100311088136093;-1.019244024729413;-2205.803580480716;-933.6680943175688;-2.9100311088136093;-0.26273559447918493;['Depth', 'WWTP_influence_as_mean_time_travelled__sed_18µm_autumn_222', 'perc MUD'];TweedieRegressor(alpha=0, link='log', max_iter=100000, power=2);52;0.8870135234004749;1.0919666048864978;1018.1189960198008;0.2683397350843746;0.8828861631121575;1.0653353906206593;907.7816333684676;0.28770525672907515
21;;0.9142317733802755;-4.084527396716833;-0.8879345589270413;-310.4240821504793;-793.405270662777;-4.084527396716833;-0.29251817639402183;['Dist_Land', 'WWTP_influence_as_mean_time_travelled__nosed_18µm_allseasons_222', 'perc MUD', 'PC2'];TweedieRegressor(alpha=0.2, link='log', max_iter=100000, power=2);147;0.9157976932109462;1.0108804373035718;733.4301217243973;0.30792326865474984;0.9278397089399644;0.9409987954262584;839.659716385137;0.2665274551448438
19;;0.8708341873383179;-5.515159913412397;-0.9414296582323584;-998.2439443276439;-1090.7791920090604;-5.515159913412397;-0.26367362120431553;['WWTP_influence_as_mean_time_travelled__sed_18µm_autumn_222', 'perc MUD'];TweedieRegressor(alpha=0, link='log', max_iter=100000, power=2);25;0.872066738880019;1.1173423603546675;1044.5115681683521;0.3113660753663912;0.8760698187703828;1.0674140778600998;977.0563594506873;0.28030150747648064
10;;0.8902038070214378;-8.934143927653912;-0.8099182546958191;-1322.2533012927788;-924.1092690357957;-8.934143927653912;-0.27661292057559267;['Depth', 'WWTP_influence_as_mean_time_travelled__sed_18µm_autumn_222', 'perc MUD'];TweedieRegressor(alpha=1, link='log', max_iter=100000, power=2);52;0.8902326034898408;1.122388472886515;1037.8344835100756;0.2825168496693361;0.8813903481599049;1.0619597080894931;919.6131317739863;0.27499374233931084
